1.0135e6,0.0,1303.0042478479704,0.0167447802633775,1709.4610152413964,18.46996175240424,2.674548847651345,0.17573919612506747,-2.0929590840638728,0.8137969540102923
1.0225e6,0.0,996.223780216553,0.025685995295956363,1137.6094255807309,22.645443504378648,2.315087900500398,0.13034534910836068,-3.830570948480898,0.7169036829302364
1.0305e6,1.1851152104751967e-36,1204.9374967948097,0.02367661853505537,1339.4603781432209,19.32717330991519,2.236811739156235,0.05224282620354016,-2.8401476163024695,0.8128700976412622
1.0315e6,0.0,1060.5198593985726,0.058965380427274214,1149.1219944109355,18.55834898352193,2.4416015797408455,0.053578965358482104,-4.092451757666104,0.7754674819155499
1.047e6,0.0,547.9689377124664,0.06311464678456126,658.9174087979391,17.766759309824526,2.444187772483308,-0.002960492415811419,-4.125407178723264,0.6854800919099266
1.0525e6,1.801109938358892e-17,997.5053851091637,0.04140302432722305,1204.66346079527,39.54599842658418,3.5923241427670196,0.3307250210496135,-3.833585946360737,0.6568552414389979
1.0542e6,0.0,517.8454011111481,0.11615307235907275,615.5219370422525,59.98145317772121,2.7751584056197816,0.6563756738260623,-3.1202757459246175,0.43036549454341855
1.055e6,0.0,448.5580755139258,0.11947786207756955,569.4350032764845,64.49412273612975,2.364512776800347,0.30999495292173007,-3.3598467321920014,0.48259167473196374
1.057e6,3.572103365326784e-39,771.5715328719905,0.04048006762581559,1117.213677462491,16.00239361871044,2.406337891397487,0.0791961919194241,-2.030406861357464,0.6868127046472556
1.073e6,0.0,1188.9992760099533,0.03856623855038935,1349.4770559320698,40.72916691844199,2.2881031989849565,0.9851842189980607,-2.0253686923597014,0.7209107452769639
1.078e6,0.0,1375.3119883587594,0.03793172434422878,1515.2997377025304,24.66832808883964,2.32108464710377,0.6543899054890037,-2.5108491383996663,0.7030302403390555
1.1183e6,6.576555689567893e-40,1152.4506726262991,0.035480489136548825,1305.4068244694447,59.0919424195443,2.886517447710224,0.2710913842963145,-2.300040170916343,0.6759615295319652
1.121e6,4.404612852349297e-43,1252.0029413703162,0.03019779188476145,1529.7248447313914,26.088298080046183,3.9296491819208543,0.15951723547833005,-3.9182475422317316,0.4447540743649666
1.123e6,0.0,1302.6547127532535,0.024516623849982044,1773.732183436047,26.870170810987894,3.9042915685851916,0.45111900045342723,-3.5753774170415653,0.48968590612612173
1.1345e6,1.3873505880490605e-35,931.5588292070161,0.05276504055306073,994.450819934771,31.7133680903402,2.930365154893859,0.5557260608384995,-3.2146719223476823,0.6601019181988481
1.1375e6,0.0,1401.8902885067757,0.029799605355565136,1641.6780500325733,9.444935114799703,2.275477348410266,0.13685035481229263,-5.357483342453293,0.3443215875277261
1.139e6,3.617007355400724e-35,1290.179226108216,0.026152006748334237,1652.0073862093473,38.04625405398423,2.5744312787289947,0.6405495938913806,-3.675397149343423,0.5206766561391929
1.1398e6,0.0,1305.1130877388948,0.015648915882203122,1571.3635146019742,23.2241002150596,4.39434971444064,0.9547464371728431,-1.4936710699290323,0.5197432326590243
1.1425e6,0.0,1347.541692345459,0.025361628003925513,1610.6890891001499,35.3940111566066,3.8857911935902236,1.2024619778829702,-3.455561182051205,0.5770491996560826
1.144e6,0.0,1322.9187165185515,0.031350070631583564,1549.5171215389744,36.35717666970435,3.425795888394649,1.0156162124955397,-3.2137292396778845,0.568812080754839
1.1625e6,2.2525234506941934e-37,1339.372193094267,0.026528753969127416,1591.2618689728663,20.159148460632885,2.7156210250164916,0.09413532773403072,-2.4262749104224652,0.7088801432407723
1.169e6,2.316413676459707e-36,1259.0143195644985,0.030196957028744465,1515.6705123905915,12.43609031963512,3.0371100231763153,0.46861216705188713,-2.3463100835327944,0.4784051538237388
1.1701e6,0.0,1370.435036557384,0.022590381337523814,1817.7363248452343,25.819903097336557,3.0728693569877947,0.4531706181351606,-2.609350461390611,0.4552649284326781
1.181e6,0.0,1110.3184311889434,0.033158901906010556,1249.9584182545323,14.26847482073718,3.038647495681903,0.13646200175128048,-2.9838277319474877,0.46128156955613764
1.1873e6,0.0,1327.78214305384,0.029429459877491706,1589.5680819175957,25.00952422318954,3.6814370715343614,0.1766259745277832,-1.1460821428822532,0.3678287832975248
1.333e6,3.378559253651216e-35,1384.724283770272,0.027064248259140392,1509.502433686007,11.975292134954085,4.051003714673469,0.516679387624871,-2.770958117006294,0.5399211530669762
1.35e6,2.991223139368571e-40,1137.2552123523128,0.043443714663400045,1267.823577567659,20.46531287503155,4.068501747952624,1.0569445520622007,-3.203262424998063,0.4201863632604417
1.35014e6,0.0,1393.831071419589,0.034914497246036694,1527.892009634029,10.915044611650863,5.114386215753949,0.5015319802496659,-1.6507671690242205,0.4498518497109998
1.365e6,0.0,1379.1217822472115,0.03667205436336672,1577.445407726541,32.149254636990406,3.5237938661563706,0.6195094388476154,-3.0602273709258756,0.4978890583664035
1.4113e6,1.325158342231648e-46,727.0832432848333,0.012670474713570263,958.2527292323529,10.850692626228934,4.4364461086543105,0.26736691685942965,-2.7410176694944384,0.5867119036241275
1.4135e6,1.1687295263769668e-36,1262.4437478402351,0.03759422769391899,1383.4724684114728,19.80033002748495,5.330391727479101,0.8231613391743289,-2.222396951414042,0.5200127658873448
1.4145e6,0.0,1302.9831030944526,0.03471858320241407,1635.3369357005276,26.503341902987515,4.682142732429505,0.13725337402571908,-1.4806620386124263,0.3992342847576579
1.415e6,0.0,1339.6532858939697,0.038751536143963324,1477.1371489036603,22.8338177335747,3.570385434149868,0.8830042391970937,-3.2136780734534733,0.45720925613852326
1.423e6,0.0,1365.7076168917167,0.045551285142157394,1630.064306172079,10.706336432025587,4.274898873136136,0.34044619067055887,-2.103147191488935,0.6131412772692386
1.435e6,2.960957868119416e-39,1152.5270824287963,0.05203045777615142,1304.343069852514,12.223806317482747,4.481072150050197,1.402000540819773,-3.4646097362108206,0.3840067856455016
1.4395e6,4.876597632556132e-38,1238.7655561064716,0.03225999920681806,1425.6131967282608,68.10618527115726,3.5371586515656874,0.9991673912351738,-3.3409793329437476,0.7019623783204413
1.44e6,0.0,1350.7336281023058,0.030865400941725886,1557.7804498419744,38.052254584301494,5.810296782552508,0.027224566104824204,-2.3093776648734057,0.5635749973612592
1.4404e6,1.9967345337298346e-40,1359.3119524856443,0.03445086378935011,1478.2843381605085,20.95140750379589,2.5995688650210895,0.14535199538929455,-3.2797694442364898,0.5401779531354203
1.4518e6,2.750929198886223e-44,793.3857805365418,0.05717959096331757,912.881782262673,17.523547851997655,2.64596935229597,0.08370406441044073,-3.7514896394063038,0.5955571538355
1.4665e6,41.882236723729264,87.58627975297232,0.007955804503172391,1496.5695336350823,10.035351749736478,0.01053862716995161,1.5290737994331356,-0.048611966055687496,2.7708616055771715
1.4841e6,0.0,1152.7323759955275,0.01941864728055038,1402.7827334635836,12.193507435458079,5.84713223220874,0.6390199907429104,-1.84580734071523,0.472194665381661
1.4855e6,0.0,931.2579463900744,0.04158855654045628,1103.9400203009056,27.458042360811508,5.00113009924024,0.23579465192374502,-2.480141681834679,0.817433274816452
1.486e6,5.059763394529083e-45,749.9379539053726,0.04425695916036415,906.9688668890745,15.53754740078694,4.410895156482956,0.46202620810658834,-0.8222544040073263,0.5799290264784367
1.487e6,0.0,1144.3368212182154,0.013183307459087577,1454.6108679343702,10.578492610950697,2.468018570089834,1.1274765943075933,-1.3597621597134397,0.7174286604285869
1.491e6,2.6935560341915565e-43,995.1459430551993,0.04007540028075373,1139.3199179243552,10.044013416034897,3.7142237955903012,1.3073501433253643,-1.9694046317392724,0.757918552487895
1.51e6,1.7130954927953084e-40,1296.977838476027,0.050600878707083456,1449.4868793427115,23.068573437966055,3.8321776443707782,0.6637566676953807,-1.443752650175252,0.6333322587967938
1.5165e6,2.381596182772741e-29,1391.183372290258,0.0409469567912938,1625.9611302033393,9.439715966322296,6.118918544481967,0.19078068017987715,-2.8582590807835992,0.2164127816043213
1.532e6,0.0,1110.5739019892285,0.08163737015564085,1203.404641042884,47.980155147774006,3.6581296541279924,0.8279988228622235,-1.8117895925083354,0.38877955674377795
1.539e6,6.323521377147271e-41,1125.446752868643,0.056181318116316034,1323.6224030456688,48.30087552402541,3.4892354365774634,1.570847344819338,-3.207038995380291,0.6129937719928606
1.54281e6,0.0,1307.3696169106965,0.09838104468775934,1424.9335011347155,13.476113027171136,3.5453671954334443,0.23796925871904281,-1.3738877114500936,0.541139594929557
1.543e6,0.0,1385.4125059284634,0.07070761917159954,1533.6296400774572,12.880262158712025,4.061724677474137,0.98784531775949,-2.266990689152582,0.6407548614936406
1.5435e6,1.8403942443323433e-41,1111.6155521904268,0.05853042709473915,1182.9682929216106,19.05867805455712,4.001101457531483,0.7335315637390079,-1.98666187536275,0.6953681276188016
1.5445e6,1.6925596289142616e-39,1252.1733833197918,0.05972355696657581,1391.3245758823111,51.304855302210676,4.3956628532743345,0.9982918491065722,-2.113370292766323,0.6766341580933686
1.5456e6,0.0,1299.7374430648874,0.0495518867269283,1440.6441817712569,50.649025315944314,4.496257907896529,1.2910971580491484,-2.245041229085511,0.6682605670836057
1.5477e6,6.744092801355411e-43,1383.865096794136,0.06816984283501672,1452.275141804146,15.784216605160358,3.626626582294925,0.346607000677859,-1.247774151541032,0.5168547918379984
1.5485e6,2.283660783362975e-40,1190.7579485104006,0.05657225245015621,1343.8045160783806,24.290404931823915,4.878739086602547,1.1274565489529982,-1.863675427014128,0.6808864842417832
1.5495e6,2.236336381713226e-39,1096.0351346338111,0.057911335210340226,1192.872674223386,42.28596300025749,3.7616805946102074,0.14500929893032,-1.0645203738726383,0.4798274539206504
1.55e6,0.0,827.8679295450677,0.06652278500749155,928.0281780979133,13.29733481627313,3.9833150024100803,0.37092315001018517,-1.5461702610123629,0.5078805232572963
1.552e6,0.0,1341.6078925008035,0.06407800484190303,1478.7029685990876,45.042873238521864,3.62357028682289,0.3153730582233363,-1.749027164386063,0.581948888877891
1.5525e6,1.5222325325649057e-37,1367.43470491019,0.05302268340134304,1517.2856807900582,23.65513051144809,3.6211828110313427,0.12656726773944044,-2.5489547977791616,0.36705928023293577
1.5575e6,1.1072150274938644e-39,1118.2783347734094,0.04407635007563795,1243.8871482526424,28.840973694791742,2.9757712519527924,0.3263106480710057,-0.11479196259799877,0.5369244594686875
1.5675e6,1.5047449945766562e-42,1041.551094619566,0.03298639617468203,1247.9100653287944,36.77092103152451,4.551171066578805,0.22492891831059048,-0.6249642061343228,0.32359804178379625
1.568e6,0.0,1126.9917215274204,0.06035112017987651,1323.9153421800474,44.9285463016849,4.079769238048866,0.34717471259449073,-1.666012579060994,0.5241581678705861
1.58e6,1.7051200047354252e-31,1162.0372453212672,0.008039138059644062,1919.9228593873047,8.838614910165573,5.584296552879756,-0.0075408789326587905,-1.3772292371957888,0.24547101247107628
1.5835e6,0.0,1128.9499304717954,0.006802940876882387,1896.5169439598878,7.0819414842254345,5.930082348287916,0.5687874353568606,-1.9145130339140324,0.20314901210156588
1.5914e6,1.1636895541132377e-42,1188.5647153841242,0.010546979627951876,1815.1508297757935,10.224407611224583,5.701411262827782,0.12926615952099463,-1.260117959670086,0.1341689501010629
1.5965e6,2.688213268571292e-39,1106.1790915665656,0.056973462778468376,1205.1721904639007,15.506979824734422,5.236199004985522,0.03616445134711533,-0.8368962962523556,0.5695334151524749
1.6055e6,0.0,1227.238226697126,0.07757109120558696,1741.3279897736393,36.33316779415363,3.159901496947851,0.1622004522644448,-2.5342977936140683,0.5122564346645503
1.6065e6,0.0,1324.77876758548,0.05774174300494409,1726.0171620893816,55.55372627095266,6.283514673498363,0.08067185573129845,-2.273917013151505,0.6868072380676933
1.6205e6,7.25244505280749e-35,1028.376770238684,0.08855993703219545,1164.3485906799285,80.95807434025637,4.972368542314115,0.3774450144288841,-1.3438230653426202,0.5486690661290936
1.632e6,0.0,1125.6458046648772,0.10768267348381119,1245.9658683318628,39.04800299351397,6.384184601636837,0.48551155026422754,-1.2376735665985896,0.5568708476588504
1.6329e6,7.614563527474022e-40,1203.6497937819172,0.017915361727112233,1509.7323462962481,30.41353365536373,3.695251200628137,1.2697578591763237,-0.3125613916123852,0.2832110384059052
1.6345e6,0.0,1266.5713962527893,0.07029065620466722,1477.637685643774,54.08753254105061,6.847073503308161,0.04918149813275085,-0.5355131073176639,0.36101683544913576
1.63848e6,0.0,840.8364737288723,0.04604139220278806,1041.470662863868,26.21709928960072,6.850719554981377,0.06528389751985963,-1.1209174385558465,0.3512353790355157
1.6395e6,2.4214059919102096e-36,1262.4723414766522,0.0298579804174928,1546.193990886684,21.134832100469264,9.993978710035353,0.037085015420749164,-1.0799536534093148,0.31046813390753614
1.644e6,0.0,916.614659810187,0.04867447823894293,1156.4361308394114,13.441679237848616,5.834905643218554,0.08412595508227538,-0.6035638327275675,0.5265936712218325
1.6585e6,3.862903503184304e-42,1176.217787552524,0.05677424694015554,2022.3493138158633,10.974947038258998,5.176429601822557,-0.013421519800378034,-2.3261359632536935,0.2045392460980785
1.664e6,0.0,724.320599185984,0.041248517540949874,1226.7935011193226,17.155545205366995,4.472507333894328,1.1751473043701914,-0.5632763940014953,0.5042308325636977
1.6665e6,4.658658136693366e-47,661.4315072181947,0.04536699644085395,762.3314252657144,32.13701437722246,3.2717880480117985,0.24004640932583726,-0.24731210921890567,0.3517898979758669
1.6675e6,0.0,1337.166340745127,0.050409237201064286,1526.294360509166,70.7506026062914,3.268053270701354,0.3943964597775835,-1.0363577383084248,0.5181669494587546
1.669e6,0.0,1176.5080122589138,0.01280450752579793,1561.7043463467967,7.208840440569228,3.591417707997173,0.44234874182741096,-2.218281268499858,0.4995070604305616
2.0114e6,1.9287881767908865e-36,1247.5471441455827,0.032564561552395746,1593.0502393469333,21.42922738723004,5.154623415515835,0.22803137824272826,-1.231990926495608,0.3795016377890361
2.01146e6,1.2200442818293056e-31,1110.1155956437872,0.09439099307092577,1269.697667334975,48.86930131157158,4.947621332469141,0.20713160399223993,-2.2702575300645567,0.5381886504952398
2.013e6,6.3826700336163025e-27,1363.033407395854,0.09535942573293475,1533.359267680014,51.28132345352299,4.902958437903231,1.976100936502777,-0.39745903820353834,0.5103767277582438
2.014e6,8.092761169004646e-30,1315.6016696043193,0.05262615181874229,1446.2541566193581,21.852880839263012,5.046738348246112,1.5579719416164812,-0.005849549178428682,0.5298611700641537
2.0157e6,0.0,1019.2549646304687,0.06022142599400934,1616.232624864534,29.875415415213467,5.863156582177076,0.8220006484859724,-2.53412985001048,0.4385670998751937
2.016e6,1.3204192651342552e-38,866.5394421172277,0.0668954530822904,1138.5854252914771,12.559060803665684,4.317092158104235,0.7036807148256697,-0.6151143057820244,0.6459307329298575
2.0175e6,4.54641221555346e-39,917.0858242076005,0.06357405173888882,1083.9399425341971,22.13574245886057,4.732597643277867,0.8785780387274049,-0.39420683145002716,0.5922385690468019
2.018e6,0.0,718.2562637987812,0.06588843260045898,927.2246111894405,71.80399287985855,4.637203060533212,1.8246350536673672,-0.0001325814979785412,0.6649304517378869
2.027e6,1.128382547988482e-39,526.3072234320485,0.02970542131956284,810.8477411992512,20.53201537255264,6.938431879171891,1.5714557108737461,-1.799823722442161,0.4425455754755575
2.0275e6,0.0,615.3673395440362,0.05084642188451073,798.6225640043391,71.4579309561479,4.597823566962804,0.14905562108341444,-1.9288665171705734,0.494402415615123
2.0285e6,0.0,993.3276606464409,0.033336055790862795,1149.7346058609712,17.28614492461135,4.928646106223529,0.7854961177751932,-0.45845268768404557,0.47332318643072346
2.03885e6,0.0,1180.88245811614,0.009355314416538885,2201.5260660860877,7.18641319227858,5.933740071932891,1.2749505466509692,-0.2011762214976822,0.057384497153355474
2.046e6,0.0,1331.6335902169653,0.047143465235732866,1908.9723047006657,38.291384241682714,5.018925919464752,0.4966271410138527,-0.9941960729245212,0.5771458504319453
2.0515e6,8.172314167524532e-46,837.3813458187442,0.04606076451516075,1036.057347012034,12.638328578917998,5.456220805393408,0.27497915446842913,-1.6724845559518535,0.6069969480026259
2.0532e6,3.3874631726237405e-44,1258.0415806266185,0.023486227880270563,1672.5190004459935,43.940288708505605,1.8694208604881128,2.3765113791318115,-3.6587428686880474,0.7366913335342589
2.0538e6,2.3646135829972783e-32,1312.3897021082512,0.018830778201045006,1968.0102733454883,14.666190107969053,5.819795189875185,0.06594076710726152,-1.0933624267736441,0.24365201072950038
2.0551e6,1.3929552599098522e-37,1231.2235850593484,0.020885469042438137,1499.7411563929088,28.93111275064147,5.000822006280359,1.250328050406159,-1.5621156674068775,0.12501005628230988
2.0569e6,4.078938157544373e-37,868.1586025914455,0.02118119346739512,1157.0170478987507,11.968374616389031,5.239623090695187,0.7307691573249981,-0.2116695677364509,0.2508140089706449
2.0595e6,9.636742795658694e-43,1078.5196370429649,0.024350227393193775,1501.56726041741,26.49069871960361,3.980457412131658,1.1693596372321384,-1.7410661984852467,0.12610749127479093
2.064e6,1.1451981470315823e-39,1131.077616971087,0.054524893120266066,1271.8228016759392,13.176219316286147,4.956758155994716,2.938944788553692,-0.4779014968033885,0.29199283671525467
2.0655e6,0.0,689.3402001783991,0.05715377896516107,745.8000551511074,49.978690216418954,2.84277470771491,1.3759799522408718,-0.7207061339646448,0.3528156086087112
2.0697e6,5.923828878260424e-37,1207.2306944206318,0.009298079589866483,1741.6372058587951,12.93047501746024,3.0058167661654775,1.0039877590585093,-2.01244067599254,0.20810202708179637
2.07e6,2.9399148823455085e-38,1177.8727962769785,0.008206761270560345,1877.6522444824184,5.953601616760646,2.4565959352900335,0.08892941472290497,-2.5315249910730557,0.0870867754802852
2.0745e6,0.0,1171.338407278544,0.017924147165807633,1377.3124418031152,10.198458363087898,4.665853057255175,0.2713538591711132,-0.7516981365703884,0.09964414019813961
2.0772e6,0.0,535.5068865553351,0.12207710808501307,844.0581537878558,67.05826525957407,2.944314122882404,1.0147775056030715,-3.181625972890552,0.3037723749084189
2.0815e6,7.816769437534218e-48,500.8013707381692,0.09692951305268147,631.701826988135,31.225674156144468,3.8786621751481807,1.0549243733109732,-2.256047917023808,0.6503639851767572
2.08295e6,1.7053336341518113e-44,968.5176992249887,0.0522532225535444,1165.3705226234667,27.09054385099805,5.824819653350806,1.5838586776362145,-2.133591835077402,0.7572905321077111
2.0925e6,0.0,1253.350929213598,0.02240703354161456,1494.2224415656929,37.282367372369784,3.300949061019863,0.24799519272058035,-0.30779260749403337,0.7623363038082169
2.102908e6,0.0,945.3782646290645,0.0045920295185875055,1460.4976778340601,10.167545051226934,3.5368902981861203,2.8735998200084976,-1.3564924263167701,0.16281000931333944
2.108e6,5.820652476827303e-46,1156.051324527009,0.014231136318391596,1644.8921478958584,45.423961255808614,1.4087973351410876,2.411422806427766,-0.6084934156332151,0.724498655083893
2.11118e6,0.0,1102.077847334329,0.02454377974719603,1258.687791867383,11.412918827894565,3.534255345180658,0.3860975555433448,-0.6643454289856608,0.30233731084122084
2.1115e6,0.0,1150.9120015828764,0.005393065932681997,2019.5914555061913,6.971729224970638,5.136178408211537,0.13760149804564462,-1.174689903434027,0.137836975703993
2.11212e6,1.764045615065072e-39,1160.1300466235177,0.004811671039082423,2083.574928967212,4.908914797096327,1.7337534121843927,1.0637351697715514,-2.615623906582449,0.11796183809653149
2.11236e6,0.0,1124.3611750222003,0.0071013304794444185,1512.116570502635,9.166642087830278,1.7425183884496511,1.0557567958433085,-1.4480914271054484,0.1900356305298717
2.1185e6,7.453189477521102e-38,1232.5136250668818,0.016060601624618594,1900.8395843959618,5.573232953227272,6.118475534798353,1.488912845615567,-0.9221813629940195,0.18365372769332133
2.125e6,6.688485981631003e-47,469.70335433165474,0.1525675120628894,638.3821046721121,46.78796247619081,2.2656676393276176,1.0244176480607394,-1.0427515772422051,0.2865738098897458
2.128e6,3.998095422788264e-48,439.88772288355966,0.12424593929995006,620.8088397884635,68.10493072459518,1.1548219824621482,2.7095792001482795,-1.7575349861515253,0.3494702140253233
2.137727e6,1.2460970794234768e-34,1247.654896072955,0.012947763883651814,1463.4442727774908,10.327474294071168,3.9192488009152786,0.9161641436749781,-0.15103526979505844,0.23340309286961503
2.143e6,3.370674467170614e-34,1148.6841273581063,0.02720995818666958,1278.9172340515438,9.67556024659333,1.8088582590862723,1.79247227636744,-0.053738718932747155,0.2660006074622352
2.14304e6,1.6341253345674188e-40,1290.2982293359744,0.014280663654860354,1628.2889388918109,6.900632157812951,1.0539244110235328,0.49887184369498455,-2.0236525015727316,0.24638755377166222
2.149e6,4.432854235463059e-37,1146.6836598591294,0.0065463816041293026,1707.1571863441814,8.028356948720809,3.587334899784068,1.4241112582196667,-1.5274838800344734,0.20054942046314872
2.1521e6,9.757446658852875e-46,1183.2561931401374,0.00806805706636022,1656.2137916099855,4.704922829692064,2.931656540176489,0.029087668253288148,-1.8713364728550723,0.09258707898388807
2.177e6,3.706082331153746e-40,1159.1051921662183,0.006973600430253341,2187.424548603053,14.391469654384563,5.059494429301874,0.4634152634652657,-3.2789861968991914,0.49180124167910855
2.1784e6,0.0,1266.5731713494024,0.008872537187664672,1711.8501524310755,15.796668842610929,3.203891288811537,0.3508190102641475,-1.5988838300735635,0.4506239372522266
2.2026e6,0.0,783.026493358993,0.02905046358226837,1016.2927385085648,30.971953324435695,1.8518264570706642,1.9680994312348972,-3.453380778174996,0.7204106220822466
2.2126e6,8.935398479890777e-51,652.6599039784494,0.0801044583283115,744.2284841154741,44.53173018711899,4.4499579928761035,2.857309227933466,-0.31425098251974265,0.357959902893328
2.221525e6,0.0,984.2952915723811,0.03453652262067716,1104.9230603808376,17.023817578149878,4.840125915349914,0.9749616985226582,-1.9085901046251372,0.48128144546325813
2.231e6,1.284503939034574e-53,1287.4957921277469,0.02001186999157873,1546.4282125244713,25.895134395341543,1.4785598332207603,3.2867704658919887,-0.16699661226704282,0.8178417234103446
2.231342e6,1.6573593500752507e-62,679.675078653557,0.021885557502437192,839.7938704038319,19.4753755217966,1.0556488453303288,2.2550356685680164,-0.5038460343496738,0.5436026130708294
2.2455e6,0.0,658.7805739207427,0.02940650686825383,757.4349936319674,11.875819077896109,3.12747993356622,2.976386705787218,-1.324542637295135,0.4656741905824925
2.246e6,0.0,824.7641706003072,0.032895042625559104,961.5668275727902,30.110845530700054,2.3208990923044057,1.5842866353136211,-0.33319477690875793,0.6371145798602702
2.2965e6,0.0,1148.7350746239292,0.018904145432874025,1324.3016247271341,21.97400173366299,0.5033322978124273,1.6512691472848635,-1.7373867611953369,0.784621256355539
2.297155e6,0.0,1180.0945469204264,0.03017151129148424,1545.2520422196114,19.792953750174554,5.422050141374774,1.3050619503906338,-0.7832478126292683,0.5050471101523282
2.29731e6,0.0,880.7801869613643,0.019323245013307358,1315.5055309255824,27.240802180383977,4.940873285957207,2.273692236682019,-1.4966834827235795,0.7211704661886449
2.298123e6,1.818610995467815e-71,712.471075433823,0.01864023524216947,862.4253907539774,19.989161361842804,1.1663352433722272,2.316569087973362,-2.0829828833574093,0.7112922947218661
2.298608e6,1.3314721311653172e-77,438.82165655865884,0.026747831606563598,545.576826563065,19.91752808456703,5.543310940487178,1.2055467236774904,-1.8833767194916473,0.7719805801856342
2.29995e6,4.4934228206089674e-62,538.5988851537018,0.03917487880680655,653.8663668133476,60.868453499591666,0.29766948028519985,0.9807025077524208,-0.3652854241033809,0.5730679593305045
2.3007e6,5.564870128448251e-66,116.50008927869358,0.05427037422383702,169.7887707085221,10.070954813193763,1.663973250346645,2.380817841284069,-3.91037356708808,0.5851886732287961
2.3122e6,0.0,1284.4856983692557,0.01187706596397596,2111.1156029892604,10.295715599632471,0.09468068895232326,0.46479788633114627,-0.8456197417528285,0.6474260245364465
2.3145e6,0.0,1131.5728182890648,0.011406276616889989,1876.0932993058764,12.646000214308797,0.8455357841181316,2.123778173605637,-1.2031465549687925,0.7823886757650146
2.3155e6,1.4346734383845231e-58,1157.4975049513553,0.010185811869672047,2242.690539956691,11.14049798171014,0.05049928184161063,0.03370775030955002,-1.051309914261414,0.7099612262767855
2.3244e6,0.0,1169.1438272615242,0.00826848198045772,2509.3371303595495,10.162000921677341,0.9047662551080584,2.654650107638341,-2.039564921967245,0.3286389255438733
2.3271e6,1.0136255526163375e-55,311.6654647002921,0.022266428815678113,498.55540295565805,42.196862006608065,1.0001458664114298,4.313425161981577,-2.801716500680485,0.6402642187524284
2.342933e6,0.0,1167.8142831924065,0.05360008134088228,1721.7709905645015,42.98157014264122,1.8333641565352667,0.9753124952966954,-2.51498976842404,0.37715251719939336
2.3499e6,6.447856268900659e-44,602.4293618948683,0.04388216831190154,796.4451726748455,29.521910114461214,0.3766348723967944,3.9167161005016973,-1.8435853969591631,0.6224239873126272
2.361e6,1.7703656362337488e-41,1174.356784475914,0.01978672086779716,1372.0520403574997,10.22897860176099,5.300842347068721,0.3904540835115373,-2.1311225446299917,0.7477203368001146
2.3698e6,0.0,758.7956308368249,0.014988141790362125,999.0780824718188,8.513659787733287,0.1563269704738522,3.227220434457808,-2.9484891612362523,0.5622761237392269
2.3715e6,0.0,1151.559549489087,0.015172568790016366,1557.7645617149844,39.51117635565768,0.9365458849763414,1.7644928385977319,-0.8021730661452621,0.7124165975637722
2.37225e6,1.72689251493186e-43,996.4855243654605,0.019304252323554833,1267.5513034068335,37.65390170375093,1.4019017607809925,0.30831790084835076,-1.9875894898279365,0.7077784948274097
2.3745e6,3.482918212786865e-51,1133.5780506106664,0.007709512539059411,1741.618798673551,11.450064649770102,0.5376471900564643,1.2944130344179126,-2.3411464463108844,0.2324748222881876
2.3816e6,0.0,1239.4325620964412,0.008523225456506172,2405.426398521588,6.9235084107856855,1.9194709159199115,1.4857203323422075,-2.657856859576987,0.20004240268831763
2.39512e6,5.90084351686161e-39,1230.803317460795,0.02634569325351884,1645.2708135316775,31.329172415525658,2.562770151016922,0.6403528035563484,-1.6057602562145814,0.2639115861589544
2.40854e6,4.07090208303002e-43,1190.777406322922,0.02552598472832392,1398.4425771428828,10.605812673178724,0.7020455550456978,2.1000706933135334,-1.3379911691289763,0.34687252765984455
2.4225e6,2.1298260404679317e-41,1069.2477929751894,0.016476536235992868,1362.3907372564736,15.125480665741803,3.2678945916800464,2.053255594451761,-1.9264398982009978,0.31778391948347706
2.430085e6,0.0,993.855110680098,0.012699880605082271,1598.1387990161925,45.546713342255714,5.071435844601991,0.7386796763643836,-2.9487253521525294,0.16945201593276993
2.430615e6,0.0,1046.2526108585232,0.00799331444623483,2416.005203776897,23.273235396507985,5.348124916104828,2.1600049225322717,-0.20049368350534372,0.09790082919226906
2.45025e6,0.0,409.97047285287545,0.08198448737883932,584.4195896733222,80.47570772828307,0.4794673182478903,3.4326112024050808,-0.6472060686701265,0.5937334567921417
2.464e6,5.595365037388589e-37,1110.820077358428,0.05986197070397692,1284.9201234721597,51.69983266035541,3.7936758084754585,2.2973662250321523,-2.067813720809766,0.7460486552408505
2.465493e6,0.0,1118.6837494776323,0.0095384340842628,2110.530132395803,8.036866976787486,2.6307952155500787,0.29330380375865384,-2.96537560110439,0.20131355116018212
2.4698e6,4.337712893300002e-42,1027.2448592047035,0.03922895045517849,1155.6405567643458,25.3312089039137,5.880180290249962,1.7903782932445809,-0.5912962188777654,0.6438651672548872
2.472e6,0.0,1227.394172161289,0.028393681483106892,1423.0925269646746,35.300638539442105,2.5598885980940103,1.2333660044713846,-1.3994846013399576,0.7360783400549535
2.4725e6,0.0,1091.0135832129504,0.02944627225625064,1399.2957938999705,37.06783593774228,4.39608050534725,1.9231279189579802,-1.3760771969268766,0.5992005473218972
2.479155e6,0.0,802.4551605181192,0.06299241730899831,842.6877941388699,89.5914942791441,1.3652215351420238,0.22401350350670252,-1.4901310222322564,0.43630540079406366
2.4793e6,0.0,871.5168656870494,0.019441766704601095,1106.1919970542401,48.686496848517415,3.4015726730139724,0.008518848823154752,-1.4538161200952264,0.696812563603584
2.47956e6,0.0,1053.9525820430774,0.016478526216009093,1308.1588895044426,50.11738896236293,2.8110553690756572,0.750724106353618,-3.4739419637227034,0.7493613040149221
2.481e6,2.598956522481565e-49,676.8045889486323,0.06156754254610388,794.308982475896,17.380097588036428,4.260733815995112,0.16691860603911585,-0.7499274196563569,0.7028267203171646
2.48151e6,1.565087356277433e-46,939.6812638648528,0.03184654304623592,1121.9003420823597,28.200090728614818,2.2676904856786155,0.8540905070116579,-2.153474257407936,0.6805810591870005
3.010655e6,2.0407723090430752e-35,1252.479061042604,0.05433171744723154,1333.3054890777885,22.025715691855552,3.225768985955421,0.2199056087072271,-2.515674639035224,0.6575709444308675
3.0118e6,8.796041463529068e-36,1348.3060327337876,0.0391799630539801,1464.8049033781124,26.836414741070787,4.550254904293229,0.05577271253893035,-3.394102342967015,0.5334324298515446
3.0155e6,0.0,1334.9106465078669,0.05979802925535496,1468.0473896242788,14.95736452854572,4.373500844681623,0.06769555931050798,-0.3422888890653239,0.6516096514136053
3.02135e6,0.0,882.9743462151237,0.09860350835754594,926.81895194539,12.691325880151059,4.148478545316214,0.30815401669382847,-0.40808476987724474,0.5288954316136557
3.0265e6,0.0,1320.3905117472027,0.047805857734768725,1468.1192837581782,35.27816953565174,3.279810279450318,0.012611314900836824,-3.123171355475457,0.4674055562453028
3.028e6,0.0,1272.1127038688678,0.04945592841112945,1363.191840899383,43.24672181691313,3.968242077537511,0.4413732801727854,-2.4885253390300055,0.6068907275494861
3.049e6,0.0,1266.8989335736453,0.06265958612396673,1376.7124564843846,32.14319139600934,3.67667087806693,0.2188968403334986,-1.4972275694476,0.538998967865864
3.0498e6,0.0,1211.4694088501933,0.036769361591221246,1380.3739058920266,17.16219322378808,6.220069220567012,0.07174177433035593,-0.318572827042295,0.19198293117272747
3.0695e6,4.0532425471097276e-39,595.8831934656122,0.10215303901985652,638.87566184777,78.35181162946925,3.3607868576586433,0.03975751354352464,-2.8769302704245785,0.7111535187123613
3.0705e6,0.0,555.4220367786196,0.09296983389031305,625.6999885290008,62.77031892400266,3.376007954490182,0.009365602436200686,-0.9838553430001619,0.6321318409753929
3.0766e6,0.0,1108.9272212959384,0.05972935069863978,1234.7933374791344,20.358048776496467,5.087782277719292,0.1407935193031508,-0.8707072044856072,0.6120755537953231
3.078e6,0.0,922.109793144988,0.04786734908420394,1031.0704524782598,29.543166693365794,5.015847482922878,0.01216189570752219,-1.0113168902366545,0.5101855814397913
3.14e6,0.0,994.9154966256752,0.05980268126287009,1110.6109401270885,14.001979131139294,5.896220889082738,0.19693156173725734,-0.596852880259933,0.42060552375214955
3.144e6,0.0,857.8183325633869,0.1077978200866529,946.3947683928918,60.602239775155354,5.8196200956652095,0.00646188611237753,-0.9403939275180054,0.6436330018506271
3.164e6,2.6708547109717596e-36,1247.496020498329,0.018136906130886754,1465.8039715606794,12.57620055641535,4.999302650746778,0.1441246599205102,-1.1864210178439485,0.4328982494684722
3.165e6,0.0,1158.065335716638,0.008586859715233963,1466.6230883990552,10.179098193365846,5.811303153916542,0.016737751773153897,-1.5976188050860392,0.1659726204418165
3.17e6,3.4400375299288524e-29,1236.1656622470396,0.009182994360980978,2291.6512539643795,7.125975981080909,3.302789180194403,0.5870610170804117,-1.6585833697553525,0.11044182615121512
3.173e6,0.0,1374.0020805109766,0.06526956328978153,1557.1677870863239,51.06265818891814,4.025613987927443,0.1711428626945252,-0.3531609007060923,0.6251808864731587
3.1805e6,0.0,935.3026604670906,0.07881422332962149,1081.1364195507722,55.989428280871955,4.3835078792457605,0.2782659928015089,-2.286211549223484,0.6416053180178286
3.1825e6,0.0,1028.684531988191,0.07855333889955896,1143.2330217197411,83.7606210942786,4.422918632688857,0.2009159826809812,-2.7197435682560247,0.6812036664077891
3.1865e6,0.0,568.6388010996036,0.08923153588102953,633.4960784803786,45.98504254014277,3.470108554426645,0.022818832016538834,-2.628594354401321,0.541078520861402
3.2137e6,3.0125998881037183e-38,1371.0232603266077,0.04429336044148944,1584.969324751244,10.000503321318813,4.283173917598519,0.33438183892187634,-1.9698640042665396,0.6343950997406356
3.23728e6,0.0,1332.4668197742863,0.04720211088386451,1974.617437650186,11.922137675109939,6.057957519669969,0.07887613330234296,-0.6598580556738001,0.18753125315361918
3.2375e6,2.0164255389175427e-42,546.9920010893196,0.18466553712124373,750.8901630238291,99.45720558251799,5.898933571707311,-0.007608481823923043,-0.8247725289554226,0.49023247356709476
3.2385e6,3.3241472679821827e-43,468.60802167183084,0.2770690290758327,544.0722738549638,38.60206593768387,4.939662087267474,0.03404212724841155,-0.777387887175119,0.4633203086398927
3.2415e6,0.0,826.5405304671858,0.07271629712541731,955.4509569455716,10.71057683922447,7.451897674873565,0.00039136440957538733,-2.053507800298549,0.5958120814170694
3.2807e6,3.410959706838288e-42,1387.3485498508278,0.05788587805613446,1528.92804931247,29.20545079160043,6.257556886774601,0.25561340004475996,-1.824585097110745,0.33384912365218744
3.2815e6,4.344152855373753e-41,1103.6686525081038,0.07196015418172787,1205.0288183392374,15.654618616277364,4.195082046254255,0.6792246180456771,-2.664233659901763,0.8072271424481661
3.285e6,0.0,335.2696006074509,0.13803198448980777,476.36689438480823,46.08947496429393,3.740917541087093,0.06568609474084681,-1.5552272367343887,0.7012261191123716
3.29178e6,0.0,609.4862785655745,0.1762730963774567,735.5889190036472,68.72176907711285,4.204040876555205,0.14805994767545652,-0.06727735644766078,0.32531160154679994
3.3408e6,4.580069173580651e-37,1306.8494237973187,0.08957545263054083,1762.7784289679214,58.00330011159922,4.107174783766968,0.03557346408887731,-2.0573446437811223,0.6437540414553862
3.346e6,0.0,642.5114266334887,0.08452855116930302,895.0672351700994,11.777298588447824,5.291888473845718,1.3998621736601615,-0.9647793297038033,0.7830794645555836
3.35735e6,0.0,613.1723506934461,0.2043547424326355,835.8031596568869,55.83216254332795,5.008595572098878,-0.0020227692404697095,-1.4668520298486125,0.3454543277193467
3.3645e6,0.0,876.6936957276241,0.08746761388883395,1072.5894629219476,77.83402153405244,6.6660097659138815,0.0568753877568431,-1.7154885397455182,0.5583196787008726
3.3665e6,0.0,499.85771097202434,0.14907183607956917,689.9514536310874,62.6828585475894,4.389448201842712,0.384670939609896,-0.5614449016293396,0.6663798421132257
3.368e6,2.332826304929996e-43,649.1843726689091,0.27575227797144536,726.0820665603565,43.663682361750126,4.49351094319834,0.767082722872962,-1.3059118339205225,0.26740525827856276
3.38445e6,9.65813817291432e-38,600.8002230035863,0.15875083515717567,880.6711439826208,69.47071484079333,0.26472966319576346,2.405191412673118,-0.5413963343509114,0.3908064461230456
3.439e6,6.0134455480134084e-36,1253.943136637849,0.007982202562303713,1590.5352257953584,18.578735767398722,3.282349281578437,0.824783806632793,-0.5383169489997434,0.3902399958665712
3.4555e6,0.0,1196.8892610216958,0.012066150380176957,1736.9772362907295,26.558621296960222,3.6200236390071954,0.14181889693869706,-2.8436853832746483,0.18476132427310255
3.4565e6,7.60860688121946e-37,1241.5329502412837,0.016868066207079736,1503.728645118635,9.72112123471985,3.902282986806414,0.3708558639418964,-1.5165826533738966,0.37647679372230036
3.46e6,1.539451507931815e-28,1259.8737106331068,0.015116241818871303,1678.88263201827,10.155777617730376,3.933392841603402,2.9960242465431026,-2.25277774057825,0.36192573650607596
3.4633e6,1.4770756923499008e-39,113.15292703007245,0.03302189211602424,176.82917571689435,10.746322792808988,6.031375327354297,0.08536439682875822,-1.4531600706506616,0.4417506342139499
3.4715e6,0.0,1355.1404589281026,0.04114786130102271,1484.7174188468755,11.968416107796134,4.380931293028171,0.07620534700203449,-0.057261142211758084,0.5046911403395583
3.473e6,1.1499984647124351e-29,1319.1349323711995,0.03805655968641011,1482.4578019327953,11.82779282250157,6.318123335681794,0.11415052711956336,-0.6589829401792043,0.5530213374016755
3.479e6,1.7941121164334822e-35,1035.775964004047,0.04264691673446863,1113.8669453509178,10.474521359524335,4.726471951002505,0.884623324634165,-0.6619493947279657,0.30392804612496327
3.488e6,7.056611014199447e-38,1027.7404601444966,0.06120466273005099,1219.5140406464861,10.41165701404266,4.8565950254603525,0.061719417809576876,-0.18782049283554353,0.6237134218811604
3.4985e6,0.0,1306.412998303862,0.03715839721110622,1396.7125573068267,10.628392699374261,0.11984481626161086,2.5115221666450314,-2.7177712674836294,0.5294816255419394
3.5e6,0.0,1212.1642937501877,0.007533511626368432,2067.4615451228087,12.35427139404579,3.3249790822463634,0.23665759249469992,-2.239539508755163,0.39828591140856584
3.50024e6,1.193901645733099e-35,1203.8578239269473,0.00738895587520828,2758.9884144215753,12.512307387978353,2.7333046730908728,1.1566922121862808,-1.6466348919255658,0.27355594424105334
3.504e6,0.0,1251.0373825589143,0.009250900458457417,1597.833469602676,20.293535005287247,4.264021130865295,0.014044916815380865,-2.4326440756969996,0.5367747364351058
3.5745e6,2.5477842052462437e-44,846.9393091640208,0.05147324502122407,965.1267166851597,23.89289920600757,2.30741982893085,1.6226301518748734,-1.396653090566277,0.8121830611166605
3.592718e6,0.0,1157.6419901595605,0.03125945367630431,1776.4375992441112,7.466012486596467,4.439893086856471,0.7039362407620349,-1.2394970158974963,0.3044004784235568
3.604e6,0.0,1261.4585402862922,0.033540890295021074,1486.959173344206,10.376596806785331,6.520593900593588,1.1006055223692217,-2.3878271639862905,0.6258213422393409
4.01533e6,0.0,324.1769161778919,0.08741481522321842,392.64700184441955,55.97062174122232,3.133861005608187,1.4981381692604627,-3.161480598734575,0.5686315217089393
4.02443e6,1.5360281073434996e-14,1035.9184191112877,0.05273521697569053,1169.715230902823,20.313539473758503,3.5278276518632046,0.30139053400847754,-0.12633357394495612,0.6172406080466981
4.027e6,0.0,1346.1333068367942,0.034324901798775384,1522.7957424422252,26.73518036227882,4.890864899775517,1.7671776647165613,-2.498404707290056,0.7064115598251088
4.0405e6,1.0683393048102824e-35,1233.4151929898921,0.02792682093528084,1390.3660596964453,28.410002361725635,2.5325695233244447,0.3349251131758009,-3.1796434978346833,0.7476141822999633
4.04305e6,0.0,186.67965048753845,0.03360928109074779,306.87892925095014,39.56143697408313,2.9852813139553396,0.07543677865016787,-3.1743761641770005,0.6086942757489603
4.0455e6,0.0,1295.7706892044512,0.014781919484372739,1513.217554131201,14.819907865338806,5.093285665565465,0.9462463297925586,-3.079381128594252,0.6249296777885017
4.0565e6,0.0,798.1798137926265,0.0171379308083063,1033.311887409651,47.15681357520103,4.703642646029902,0.7122463668467954,-0.3094718647823072,0.719941732496553
4.05751e6,4.5184757833337565e-37,1121.962019301453,0.01872067135065098,1313.494115581691,14.05728407677339,5.608658328623051,1.7979334450156692,-1.332401773181195,0.7045328429691797
4.0578e6,0.0,1250.8259540326253,0.025138291746203283,1412.067192166394,33.444589153125904,3.0385093070099995,0.987509087713531,-3.858948556468713,0.759504392524907
4.0595e6,0.0,1318.882668051861,0.03016544490166778,1458.6723691013694,13.236048479178768,3.343119602242396,0.9046147880004564,-1.551733224769165,0.7717507140585557
4.0637e6,0.0,1145.9503835053538,0.020715946009626816,1296.2011842195059,11.555386783638246,3.885291812329127,1.2025704936442598,-1.4932237318075312,0.5893419776742894
4.07495e6,0.0,1286.257354170165,0.009319022362004128,1780.2898322701596,5.948423328921777,4.2165473235781255,0.3178499176735967,-2.705674858914748,0.0866654951315925
4.1057e6,0.0,1151.2241390815993,0.004289320501904648,1454.980112597342,2.655392559895318,6.051774277182012,0.10901699105664858,-1.3479762758780167,0.17924331567341134
4.1222e6,0.0,1193.093951759423,0.006587433098081052,1511.4948031505805,5.7071601687116775,7.656896981073345,0.2358837589993224,-1.4425066558954478,0.45105141075382194
4.1225e6,0.0,1150.594333211612,0.00697900930616549,1516.6608062641856,7.966302639383513,6.866200195707761,0.06023411633843267,-0.7904235144851959,0.4252123133124718
4.124e6,1.2620715977309924e-33,1133.5860960323507,0.006261253808836398,1489.8648980947703,9.960780570251115,7.2509933421940875,0.2778924496879432,-2.7934384909615853,0.26655544370119244
4.127918e6,1.3960170961294883e-32,1322.2858806898566,0.025873354953872277,1461.9293769140118,21.710710354962035,3.8064091482841325,0.5473643887789615,-5.395900848230148,0.4733699998565235
4.127997e6,0.0,1109.5672928093904,0.006115413191123904,1485.9978069363829,10.310939098402743,4.990140700437539,0.030386338065235656,-2.52552777021418,0.47014921149094024
4.16158e6,2.2162224754786495e-37,1299.406872578833,0.018758595582601217,1900.6312091366703,9.420713263958016,5.839428629122048,0.3446811554898245,-1.1657716038937334,0.4436531594589014
4.185e6,0.0,813.9322168954135,0.04338126677081476,904.2845717798363,37.83998472418539,4.921021811932086,0.4524066741854958,-2.3400107192607007,0.73260521655436
4.1968e6,0.0,488.90335227811573,0.07548559254029232,565.2544235001768,11.981447738200957,4.302913082126802,0.04474455423020245,-0.1554434545656119,0.6689987741211517
4.1971e6,1.783759990063271e-42,572.9576993296915,0.08440880581979936,680.2163976235025,21.569842651946725,5.477641483317833,0.059393585805899075,-0.517281794706341,0.6054266199365096
4.213e6,6.176326006084188e-40,718.6539353480091,0.11666848407737129,808.1060729801778,10.636171642674062,5.071508306360399,0.1274494160351002,-0.9270527006686671,0.6688024935712895
4.216418e6,0.0,1444.821822847685,0.05538614099694939,1609.110639947755,13.365205128225373,6.365906215992797,0.025231700509521476,-1.286866008248846,0.3344610165662716
4.221e6,0.0,1294.839519384119,0.04475280997718212,1452.0197667203834,17.631635099109587,5.615249783703659,0.10310807545635955,-3.2808358013935393,0.46742018148735465
4.224775e6,0.0,1402.019164944089,0.04768105634991108,1994.7321454357693,23.16746285608767,5.363506506599776,0.08680998981598295,-2.1461211242575082,0.4006303283348448
4.233e6,0.0,1036.9773345079022,0.03072978835923433,1146.5299144350095,12.136660740876103,5.118310719810382,1.03811606910823,-0.2675510782956082,0.3897385816824177
4.256e6,0.0,552.6821775759827,0.05548705933089023,645.1865325305008,37.30915695162614,2.38853660933905,-0.011738476396044679,-4.209917216365758,0.7088373126113321
4.296e6,0.0,1380.3866221857531,0.024391076690750437,1764.2519475498877,23.449977784473283,3.184005010322144,0.03590758255208229,-3.985907605603276,0.5509654848798078
5.056e6,9.403730941059069e-20,858.4778436297516,0.015624123763441364,1326.3985570688467,42.42612481461426,4.019006310565185,0.5158672234784031,-2.9451883022552816,0.11876947470353261
5.057e6,3.1930592891930905e-6,923.7794432027902,0.015740276685488035,1395.3724623146213,34.56145513323568,3.8365699355869345,0.6384125328359063,-0.0308013627561113,0.20098927171182424
5.0572e6,0.0,1163.9687580162738,0.028477983643026426,1563.0924208152105,33.576114726820684,6.01682996432919,0.2676631879504612,-0.689818070445514,0.1529675075699376
5.1205e6,0.0,483.99666498029353,0.025727961622489314,796.1475697848931,16.786970760212697,4.129197368431422,0.4076344938734957,-0.27217760174903244,0.25984774718340686
5.1234e6,1.6778886920442167e-9,1074.1672977368653,0.021414109209382377,1560.1079320850406,45.12981497450212,5.890577945508445,0.061663993055097316,-1.8356298622249303,0.4860331735491923
5.129115e6,6.851707154100354e-10,1255.888113616477,0.016118562594425675,1487.1707491907057,5.599690728265548,4.942763258029355,1.3992693364207338,-0.016075345887619965,0.4964885731720541
5.1315e6,9.346714416805897e-14,1385.8521849795693,0.03305246655060625,1534.3532068118761,22.40442101433443,4.987624075011777,1.5635815313693218,-0.3773815064111776,0.6036776824555112
5.291e6,0.0,728.7484781991478,0.04935527055877759,1012.7454570575624,20.643175339992005,7.2738583082259,-0.004568333179842739,-1.5086323660661158,0.5189435729941887
5.362e6,0.0,1396.1897237078483,0.05461509398183677,1482.80621904338,63.0365190924571,4.2624467389353615,0.7056539592714316,-1.8361621322491466,0.7455690260786526
5.3935e6,3.800329860532448e-37,595.3505496053597,0.0646470518755312,634.9992143024552,14.629583087475199,4.089951902793925,1.5236001417314717,-2.574656940080933,0.7675338223980055
5.3995e6,0.0,643.3465285629347,0.10160317313700779,706.6384503073841,40.146316240409256,4.587946840857972,0.8084773353141765,-1.1340093122230603,0.5334548188973205
5.408e6,0.0,1260.85926841783,0.0044543325784283,2550.095085362958,3.121583092970153,5.6692811854400205,0.7268346555707439,-1.178161080855486,-0.43858159946536635
5.4125e6,8.684064069563747e-36,1328.0416384288176,0.02736009069658838,1483.9702955395046,14.427396314404623,6.1110325150695255,0.07422852002622296,-1.2099092021828906,0.5828964896905291
5.4135e6,0.0,1176.8689118331415,0.005657673874183857,2223.9466308868086,4.040826525571295,5.828990506762313,0.19834737774869785,-3.1511786345848156,-0.20599903295178668
5.414e6,0.0,1221.8906122160865,0.008957190159623268,1891.5502302205268,5.141433359524324,5.677942546553519,0.20669457152892073,-2.7864398434588886,-0.007070595552638226
5.444e6,1.2939851689764486e-35,1289.6095623271997,0.014963938598105398,1837.1400601589085,6.275053681061949,5.947656703102577,0.053788320248065624,-3.370552772766973,0.14807869942215413
5.454e6,3.704444364791268e-42,1184.1650725709937,0.0437671962793816,1319.9670244234508,18.282282680120908,4.722149052714669,0.12980825630684056,-2.2146039166059364,0.14624112894479246
5.458e6,1.366128574680183e-38,1225.6779841955336,0.03249008644728203,1923.1014317673325,29.555867468711437,6.552734684735972,0.18482763679194336,-2.3986604290381814,0.5937565940188816
5.4665e6,0.0,1231.61580689417,0.0338195032695935,1394.2813831097374,14.476393298556212,5.242817323871182,0.30078689570227685,-0.6538931937793112,0.6399171815120457
5.48798e6,2.0945410092420397e-36,900.0499192799743,0.1075318063145908,1045.654176160888,20.85372096702783,4.468326385034405,0.24296159329287206,-2.1918489266126433,0.6746842848796388
5.489e6,0.0,1041.5422377167502,0.09957729566601843,1160.8150626943357,46.54290247299152,4.835821548482359,1.58655555583305,-1.3297989376843207,-0.5281919631440586
5.495e6,0.0,617.6648738797705,0.09197820862656156,668.2237680990727,13.2166603600063,4.460764377149368,0.13870663852312692,-0.7800446868534132,0.7047600966591214
5.4955e6,0.0,632.985846453843,0.11493344321982735,781.997481616114,50.13642507749806,3.2749192525444974,0.5494766087311923,-3.501981727844258,0.6119750616731711
5.501e6,2.8106058277877567e-39,401.75278136434736,0.1362956407283989,507.30385979660304,48.563293301390715,4.265272417109802,0.31487465910321905,-0.7595693240420367,0.5739376363863289
5.5038e6,0.0,367.4434363731513,0.2071815007754715,580.6379709563876,44.32070286402118,2.2389061787027744,0.9190363957185218,-2.247375759054643,0.5816605330713174
5.5076e6,0.0,556.7902094799567,0.15033242936844363,885.4112479004845,66.41348941142611,4.930704572065615,1.848157082039679,-2.1176342072266436,0.3772114334463428
5.508805e6,6.999031395002653e-45,425.39860772626355,0.12651405932086524,562.5842901878743,66.3749020650301,5.421081200672137,0.1309446942596693,-1.8406356750810082,0.4720911467505211
5.5145e6,0.0,1099.1074749146806,0.09287200952100864,1446.6997186764454,60.793042859170846,5.439979874750783,0.2674826089558232,-1.2919728169369817,0.7296376035272079
5.5255e6,3.362842018713265e-42,502.4945333073497,0.0600561047669392,599.3785318433607,14.978567861326006,5.733393957178153,0.2556521785596713,-1.8210938061738962,0.7781050112984016
5.5565e6,3.280150427424341e-39,1292.0836727940098,0.05120039034954875,1846.3539965061143,35.60651546907588,5.476029586144415,0.29246598354915837,-1.8683020935130021,0.4435195127871395
5.5845e6,0.0,1093.449994971998,0.04617251665249731,1278.5571788920286,17.72748802664741,5.921288138083461,0.1631250801366263,-3.1101732935212074,0.7295017685790981
5.585e6,8.625100430942717e-35,1167.8216357508788,0.028318053956968778,1479.0751098743801,40.06293693437421,3.8452452814726574,0.6980674148214339,-0.6323469187661376,0.6794529066399677
5.59155e6,3.277476385837708e-38,699.5514895261346,0.05606299014566944,925.2069260317285,57.990694579540154,5.406882860429531,0.04138744223532061,-0.7459612582056772,0.5285059024662961
5.59205e6,1.0621533446991081e-45,670.2322010569045,0.17202885741521753,852.0034649713416,48.71179751105602,4.345128896400982,0.19319483241204247,-2.4327799639453365,0.6126232319775348
5.593575e6,2.2596336097325992e-45,311.28032446957496,0.14969132865745122,524.5382964293218,75.63527371204333,3.3829236333410955,0.24057742671195625,-1.5890242064539668,0.6786922710703698
5.5939e6,0.0,410.77881908968465,0.16128148705810627,548.1660414599542,47.36393690824058,5.2960437245848,0.518003845087729,-2.2478952177066773,0.467829238725893
5.59573e6,4.668569806745159e-44,433.71159153998815,0.1790484056941018,651.1293213782524,98.27577448907252,4.065081099044647,0.25297140940968504,-0.021343535605259086,0.6647175698342092
6.1915e6,0.9309211763292137,1079.9958014676417,0.006569841540461734,1619.675290123039,12.969174477721765,2.337772011640353,0.05239746263190858,-2.872214796709825,0.8195087403226855
6.224e6,18.064449461271682,19.4263156530767,0.007187911605858056,483.94682952290674,47.98356024966726,3.918995657174619,2.5491877285860296,-0.1970114870178658,-0.7383888722617804
6.2783e6,4.763473669112384,204.1196207623737,0.0163593256384788,531.157760537164,75.1882770580928,3.947862298472495,0.16595580429008855,-0.013237583989217165,0.537575952764693
6.2803e6,9.553191984868487,721.2128900977652,0.007239871046334963,1153.5403907238936,26.131935040238943,4.934407911587897,1.5150314498532895,-2.2015120704194993,-0.6449676884633517
6.289e6,9.785896367957902,1133.0057670419326,0.009944368427804412,1497.1443669064088,8.243177239050993,3.1756465173753203,3.038491340075172,-1.979746804026109,0.7058379715298753
6.311e6,3.7155647758096237,381.13629646837126,0.018791344419588712,636.5411718409199,20.867902197851407,4.854021930847342,0.9649636674859281,-0.04791710435988562,0.6263301584888279
6.332515e6,1.5920285796289805e-5,895.6205838464246,0.011887585830364552,1405.1395177541804,9.890417544416099,5.494915922974098,0.2948267330649283,-3.32182120652803,0.012016607111211886
6.3391e6,0.0004834131294635238,601.7881688945106,0.015466356495858197,1042.3087451475556,14.208666380176354,5.037860615456601,1.432289954525093,-2.3103959436472716,0.016116144771230467
6.3395e6,0.0001250598150563254,743.9430142268881,0.01701348561546015,1219.9299025822845,44.721895830357326,5.474652522579774,0.3307684644695061,-1.0371091461706068,0.03613993749956701
6.3446e6,0.0008165868577784438,750.4254932237959,0.012863556549065049,1230.862245675569,22.79533399424971,2.1260516339103384,0.3905842023019633,-2.1068819902126914,0.023698585570883113
6.35e6,1.2629635452831888e-5,620.9334913767242,0.01632528648774324,1057.385149159586,42.11674437474217,4.808263693075399,0.12655839665538954,-1.6345879714288751,0.027599708145280233
6.352e6,0.024719848923338967,557.7302432749578,0.015803508057477864,1004.5334246380646,13.083826281095435,4.183200792666065,1.2803291093573788,-0.017428872336161076,0.02372663606212222
6.353e6,0.0015397721291742373,582.1328424107659,0.018830104528059874,1066.7436829136814,29.577254474720377,4.674342989217517,1.5909984671702797,-1.7631495423158074,0.048761075693964706
6.354e6,9.844016340773744e-5,537.2015706913928,0.025206079869625378,899.2623552160674,43.89997865902372,6.349990752078208,1.0692002915329986,-1.9083654997887654,0.06543400162921031
6.3605e6,1.3731462829368415e-7,445.4695722236509,0.023822852748386775,784.8921988047667,20.61034914568339,3.592725151485611,1.0286289484799342,-2.4599234678892534,0.159749901172605
6.404e6,1.013649203188614,900.6901018365319,0.024699886421956606,1256.695086673457,16.843853875096652,4.571609252466877,1.9043859425927028,-0.38433924213186144,0.32359151965101673
6.406e6,0.5763871400436723,929.5991427442783,0.014372907760590225,1519.7197005189976,11.674069832157508,6.122986632241105,0.47141628142310316,-0.0894505495318933,0.32320738498432056
6.409e6,993.8406595723405,784.7499697548117,0.00772578220008448,1450.300966137976,12.27735679769488,0.018441108867436606,0.0807533642827234,-0.7819578338952256,-0.1663988029297423
6.4315e6,65.1416362961181,835.1440832636322,0.006874973122470533,1498.9967504914673,10.019795687278844,0.011040738783088266,1.3042840729436966,-0.18981672416996734,0.06766973445487645
6.447e6,0.0,805.2737907374188,0.0160244052814255,1273.499275278906,9.917190595227554,1.9213618765528817,1.9548354720387549,-1.7089593237090497,0.03243392915787302
6.4475e6,7.862052409368357e-5,993.1496489989133,0.019443288941359504,1536.9092981813474,11.3928899550676,1.9437915216696329,0.34848102186581587,-2.332073883085822,-0.13225829671921607
6.4505e6,0.00012696748187887417,951.7384471848302,0.014268402995134767,1473.890513803221,9.096767543963987,3.9388569765999684,2.1073628690064727,-2.578352215455917,-0.027301781328156416
6.452e6,1.9229464554160773e-15,629.22730055398,0.021157520932658918,1002.6204056295701,8.734035396196026,3.2342633210720395,0.0033438069257898753,-2.8601103938703827,0.161976553476338
6.4536e6,1.9553349302933236e-34,1181.8656250223448,0.021673048082030816,1563.2772928664597,9.228569754325319,1.4459486524537803,2.403479582304811,-2.3586364003438556,0.3550395624912137
6.4645e6,0.0,1044.8864481733676,0.017182949488015107,1593.2329117113993,9.325963656747213,5.178140960902598,0.4350639759839234,-2.936555134541124,0.06867652506810396
6.46817e6,6.932438348954665e-11,575.4979536861941,0.020867594245231606,929.0521055666306,25.9532926226156,4.329749099241091,0.18083860829747297,-1.6847571427373378,0.16658799175881467
6.4708e6,0.0,915.9310910011133,0.062435459745597784,1206.112126516526,43.32152443854576,4.893029827013428,0.2424157284948603,-2.0072701779758657,0.4217774086807051
6.4775e6,0.0,784.8675184839814,0.04309336898901942,1070.5633099489037,8.901319164015344,5.805290070158186,0.5375480466687012,-2.2131967068856913,0.4830474806824093
6.479438e6,0.0,1097.846819203429,0.047469865059868395,1427.3265721896473,25.48832781208653,5.07634919697913,0.26567093540608483,-0.6436730843075839,0.4270011678956227
6.601e6,7.310264912484666e-43,1100.052158405543,0.008393695606242872,2177.702568068666,5.036517962638729,4.813877637686165,0.766425794566455,-4.358333112183356,0.05152781723204247
6.6148e6,3.235534462280087,1238.0329520860985,0.01182397322876858,1593.9301558858285,45.36128772172509,2.740205729102731,0.14804077560635945,-2.5754698328361543,0.8230176395451541
6.6227e6,0.7135135979958382,709.8151685362087,0.011330768963174982,1056.3111700117327,49.60860829697376,1.9461622072979226,0.005136551263515881,-0.027796661096001256,0.6488854126643289
6.6238e6,0.8166123247147368,1068.898805135078,0.007511952796682117,1705.0584848036228,20.955028067428636,2.25909558690996,0.5216504725036774,-2.3698187729634643,0.7383508527492022
6.6324e6,1.1807696370480636,940.9295909967228,0.009054365238956526,1347.9593909395103,22.422963249213176,2.6929945189887636,0.22994468004369473,-0.16871746464136528,0.6259008161017952
6.746095e6,6.639607684390401,26.608573951779267,0.015132987057103493,266.9446231091829,57.89839092426527,3.3888274718972142,1.7965252116851913,-0.09844445025696835,0.7276859289526749
6.784e6,0.0,1129.3282551979019,0.009556474392682594,2030.5671386391884,5.052385718465807,2.959213174363049,0.2647015675465171,-2.494804118211378,-0.695668422243314
6.80351e6,0.0,1216.2861888014254,0.08591719388391525,2135.466802674333,54.05729964535328,1.758753313277767,1.8164712452140666,-3.7840755701551774,0.3791137574524991
6.80353e6,3.962713371666336e-37,1011.6739416323928,0.0447000210831087,1975.7325535905702,6.74678975686808,4.152917745375793,1.0808759576705014,-0.37546899694198743,0.07884447110076154
6.814e6,2.0291300483414533e-42,612.1735601010234,0.0929969865387096,828.2159616339509,14.646933116844451,4.164656223275137,1.0365404631265764,-0.6788808768031085,0.39903649239089367
6.8479e6,5.6557574799684365e-5,968.3227537538185,0.028681443824312064,1983.744574242372,15.20120678398132,2.6128717253379157,3.686353740899681,-1.9560428123719198,-0.018836472982382668
6.8538e6,0.0,1070.1605272751772,0.013995139684142623,2169.3998747061432,10.142141689754727,4.9335036662016,1.2036887841352255,-1.1354333942813732,0.04132860295607632
6.8767e6,0.0,654.4467375324353,0.03265083998754775,938.1506134190261,33.69976415996179,6.523150004305482,0.6232850834495677,-1.7893175656622708,0.6555278321318745
6.878e6,0.0,1158.2047253321045,0.05278545837477208,1458.2908866316952,33.23892621401463,4.357331428682563,1.5761343142064856,-3.840023298238597,0.3846788202354475
6.87965e6,6.179742346300559e-41,746.7770688268317,0.049586755074534965,910.4966880471942,48.748975051964585,4.669015651537705,0.8702582317201162,-2.6141285722444767,0.24889723034689615
6.8855e6,1.1365832596924023e-40,619.1292716026053,0.0816104439377716,770.3475873537296,13.332281656551539,4.889093093028815,0.09040504739494856,-0.7855022317063152,0.4488641319485922
6.8885e6,0.0,452.2351369183385,0.14150248193988277,628.6780081077876,57.44691527138296,4.159299893580963,0.8437652344543377,-0.996590831112371,0.3791325216114909
6.8892e6,0.0,408.466274989434,0.12212833054323306,596.6219158950335,68.57949616296474,2.4080270494019653,0.62047135471547,-1.192957684344062,0.5971630500088883
6.8895e6,2.8889398950878785e-44,347.8329204038009,0.13937123391572062,489.485928115314,50.8084993892986,5.954324932685682,0.24431087406486468,-1.5058832394904949,0.6118842370416766
6.892e6,2.5627066819720517e-45,556.0323531679776,0.06090928122131932,709.4696724421294,17.260831174532004,4.126845010922681,0.05612157550946813,-3.1987850478870565,0.6765128454486347
6.9034e6,0.0,1084.057663629741,0.07628673770737722,1148.7370635953657,59.11813325834907,2.8677093074928157,0.6286679628947285,-1.3838565356075456,0.7432853026763573
6.9108e6,1.2240078894076586e-42,528.3019841177118,0.15877136784909707,859.7773179884492,64.68389269889565,1.9428041599686634,0.25279191871335377,-0.916525683075329,0.4636494657290203
6.9119e6,0.0,582.1516794841431,0.1780661715845776,889.7833967653255,74.59059238442961,4.443835550896896,1.3670929776991532,-3.1076550367551996,0.5154755252080985
6.917e6,3.4114461081717535e-39,815.1241625530263,0.10821584513022701,1095.4815314700177,21.56468475710853,3.980277880020553,1.0769180628039996,-1.704853451185061,0.6984253984758355
6.91846e6,4.073539836238129e-44,996.0610514750199,0.046908126970661816,1613.019153115101,43.43433503329306,4.130171195525267,0.9577385810735869,-0.9832998551594243,0.5805979020016749
6.9195e6,6.570375177167349e-47,1277.9013901348392,0.058749107496360566,1408.6919831979405,12.312044302448324,3.3201753201363187,1.0692502313307424,-3.59699019130181,0.7242701082465888
6.92107e6,9.834367068760122e-47,633.1773519716606,0.14162258354965823,839.7402785032515,73.970482202701,4.248433323589633,1.08032309190335,-1.2361619533333852,0.5298622211676782
6.9212e6,0.0,509.4075279774271,0.13535445909847418,707.6843989367635,79.09027878131823,1.6309858881212147,0.06918551152817566,-1.0444258747672424,0.4287808247074112
7.0145e6,1.949070852964452e-40,1297.2373390549537,0.03587496895765423,1841.9106715148641,19.062542343641987,2.878136615676193,2.1653362436832695,-2.632967439106085,0.6460387354315775
7.056e6,7.542019628021643e-41,1093.9610692557585,0.06937712446628504,1384.9044201305078,77.879193360358,1.6824873113405556,2.089983964119074,-0.6614082530821497,0.7047017577747474
7.0575e6,0.0,968.0126025587226,0.018337343552418544,1402.6610571748452,50.40872079737184,1.556077601378255,2.7594938712424715,-2.390296873088046,0.28154711004343524
7.06071e6,0.0,1146.1805635132846,0.035716169783234136,1719.0524230045376,9.241762586211488,5.272199569947561,0.20790679382539656,-0.2697407527725734,0.09864915760219051
7.066e6,0.0,1086.2287006923202,0.04807659904108221,1421.355573281884,41.89699546775406,4.574486467068256,2.1399406218697825,-1.4222192996105578,0.3991065389195817
7.067e6,7.382010278530109e-43,1099.1595113143799,0.011946757166668409,1636.6711206208436,23.554898423867666,4.531915153834607,1.8151163442436216,-0.23770420484970248,0.3263977873464552
7.068e6,0.0,1145.9733848784654,0.02477469957455762,1580.73559063603,21.95538039778589,2.6239133550024025,3.732198768410206,-2.630734421183769,0.5744691477484198
7.0715e6,7.404080805301108e-36,1083.6582765052754,0.006809811190815762,2110.1316596253814,7.065278469311141,3.3600612493071322,3.082721895925997,-0.4080624561358441,0.2501642738170914
7.083e6,1.7449639758231406,1140.0178519609055,0.010186674426495517,1515.1526179536977,21.013390551563692,2.168498467051924,0.02005883873520148,-4.291170440116275,0.7043547791727172
7.1423e6,0.0,1020.3181334705808,0.018738365231725198,1485.112818728613,19.177579080495036,0.6552811506684786,2.6303566048110802,-2.4819479563199156,-0.07099170873164984
7.1457e6,0.0,192.43190826553632,0.09858322181734905,307.13243364924693,27.18943389521644,4.365663334494267,2.417422154829487,-0.16841780863783729,0.5820313344169215
7.1484e6,0.0,1042.0486394486384,0.011438738237089113,1523.1264809620354,9.831586547993432,0.776738444554596,0.5181025384257093,-1.5241253209492986,0.12076903092130253
7.149e6,7.342832514525845e-34,882.2505314990674,0.014114732152668822,1320.2571348694423,14.903017946563002,1.9616762840548143,3.3139550834280747,-2.19514390602745,0.14079880487016905
7.1515e6,0.0,593.0235770334787,0.056407576328382565,837.9489490214517,46.56215016797023,4.127962751306844,0.18248574474480028,-1.6366179937716796,0.3427885230154073
7.1675e6,0.0,596.8175732638304,0.23486416084688821,691.3280536893442,86.23000994865086,6.742477997915706,0.8564918089697607,-0.05560330487806947,0.3538800162126515
7.1805e6,7.803650588751763e-38,894.7779333471606,0.09905405374607756,1167.4793464251375,38.55796515705391,5.245683088249158,1.2876666003221822,-0.03090603475392933,0.175436635336211
7.184e6,0.0,727.6333048594219,0.09638649929966873,850.1822398035713,58.50256233697754,3.3972572600406767,1.0943344683658478,-2.665838521335397,0.7517509070885342
7.1958e6,0.0,1199.4562921332276,0.026772278135922662,1959.4567914457639,32.16946024291153,5.0544154935514065,3.1011222994766263,-0.35181631394688206,0.2734005849671326
7.1969e6,6.937846761917131e-44,1091.9951973577597,0.040296347698080666,1355.8788349901615,35.104670978099115,2.078776575916658,2.80550247298833,-1.0029004055552728,0.19414497940916053
7.197e6,0.0,967.6929768917835,0.048557753658047945,1153.4935086533314,51.00235702442683,0.7090622214995701,2.652524848120673,-0.040467028654831434,0.5964209440501076
7.2085e6,97.8097283404493,66.63778907070738,0.01808171467253588,1492.1646054287592,10.498676054353597,2.639620104969362,0.0006345580030552917,-2.650675507733217,0.778682697083017
7.2265e6,1.7914192185617372e-18,866.9734426247635,0.015021762621517495,1314.8579415976928,27.739794834122073,0.2316114476916738,2.3091140244187924,-2.525244068889628,0.02750057835108277
7.261e6,0.0,637.8369328778259,0.057327906488680906,785.2453148079668,77.4348163568703,3.0613626894750414,2.0031114822945324,-2.2457911635626937,0.6630972897012327
7.291e6,2.196786327543092e-50,741.61074151348,0.08599994455659489,881.7924307986791,77.73506179743447,1.4410087490100076,0.5491931563715036,-2.3915292933700703,0.2733469517752156
7.2925e6,0.0,989.8291861932269,0.04789619141505211,1375.5598488665764,46.708884692411075,1.719733504229361,0.0117703840656658,-2.098497045285738,0.2794057860794661
7.29967e6,0.0,446.0439439270749,0.09168178752070001,816.5775129078271,42.4338448310066,1.4508722716207731,0.4253179590259286,-1.3309428200125963,0.06337930410724013
7.30141e6,0.0,934.5946895136733,0.022393589061131723,1643.604763594251,13.28062012455626,1.864715057761961,1.8155377450343244,-3.076914490291844,-0.01828379556206894
7.3015e6,1.9530215463994333e-28,959.6292530279576,0.013820922172007734,1471.233137190507,11.815752327782803,0.8093040186045267,3.68610215040599,-1.1771503384457112,0.040730128361769924
7.3152e6,6.962423284756646,245.1505490482993,0.06952931168320718,357.6731222083661,59.028841825082964,0.04325784677073851,2.0203485865875104,-1.926643072215793,0.5639756261490201
7.3157e6,0.0,381.900527073988,0.0611144489375814,566.8287999372823,52.067713594487294,4.452550290144878,2.095865586956724,-3.7418483598638144,0.7484722521264657
7.3357e6,3.650185149222826e-44,354.7678710135902,0.13221176551450145,443.6105005510843,34.24039011587552,1.3308481720132634,3.391544012257915,-0.1547420460330105,0.378158301251024
7.3403e6,1.7638920073230856e-46,368.1068943581674,0.08261698825065567,484.8996075051971,53.33825228903576,3.493122323587649,2.729336625696075,-1.6652473518743685,0.32799817032002576
7.346045e6,9.890166698406836e-32,1009.7211958319288,0.017049364920872417,1544.233411252344,37.62267957010935,2.0898079737574324,1.1499215349091803,-0.32890848868502925,0.6041375576317324
7.3621e6,2.725514054065715e-29,1131.2175330600533,0.03852706738371793,1459.632682837295,48.91471445193587,2.083635490312096,2.645699459522654,-2.4167130243218486,0.7674834418416241
7.375e6,0.0,1290.8471008126746,0.04236190382900515,1544.5385138210665,43.60399160246917,0.9324076760830275,1.5680068933313906,-0.04970383168909124,0.6664968950887761
8.013e6,0.0,837.1265892222557,0.022114269636227264,1133.329962163693,38.58863866760918,0.15198465657939453,0.6493328711584659,-0.02287377391412225,0.7108591642127018
8.0145e6,1.8609097842227572e-52,1185.849515396238,0.02295778519544368,1315.5463646893345,36.16264009689396,0.11803174021898802,1.7842347564952414,-2.5128721358876174,0.7598327946187514
8.02308e6,4.43012779608096e-47,727.3923296445789,0.07605388063956198,1042.0606470372777,16.03278230112534,2.7357943760525814,0.7959622871701424,-0.23404271965875234,0.7213614976785743
8.0295e6,0.0,1208.8039565295276,0.030681191489534937,1660.9166261234782,20.067879995379855,3.4323724035762924,2.9186270870119406,-1.9838488875434388,0.20094914159418198
8.0662e6,0.0,218.72892868945945,0.09521022387107624,389.69911164763397,101.4921646909029,0.5274382999131881,1.897237768634774,-0.8526154470856423,0.3427816846408098
8.0663e6,0.0,745.4273697253562,0.024913394576454386,1204.7760145238965,42.8084605847485,0.5875366324375625,2.191864812769903,-2.1414019386374505,0.5447329669022338
8.07e6,2.313813524376727e-45,475.32637023168235,0.043609756832096745,818.47841064555,21.430495343290325,4.3834780956715935,1.9281919691225953,-1.7371319880374947,0.7582806415835648
8.0796e6,0.0,516.778676594565,0.010691598750477507,1044.9510594652377,10.868859468774394,1.5323774124821643,1.7697508953022738,-1.4331337645655529,0.001594631742149799
8.0827e6,0.9423603678387314,349.94796697118807,0.0927709489658997,611.7029693027721,42.29561772658661,0.07409591711775759,1.4359182138886524,-0.11823580120420352,-0.5761858312141453
8.086212e6,0.0,232.98597733442102,0.10443074476178837,493.0923473252663,52.09984389067695,5.68591820524688,1.9910291222064627,-0.8486968812754033,0.19415199676340278
8.08629e6,0.0,529.9190436646356,0.1002261041253285,882.0876419380131,42.98224201008928,0.1407818943567344,3.7475729856691413,-1.4936026337072823,0.26602862820655937
8.101e6,4.2406608773271216e-37,288.35673441034737,0.08645296731607903,564.1767022825658,59.979332712270285,1.3825330632076025,0.38577803296966595,-1.8383524829219844,0.340395423758177
8.1039e6,0.0,478.70192857939026,0.01744630208762185,863.0267646067056,13.10021589914414,0.8263009137468044,2.12627284189518,-1.3016882859701278,0.2648054581678405
8.1049e6,6.108717125044124e-30,468.59311220381767,0.02460471712171835,851.8094382476638,52.07900342446071,4.480497487271504,3.1040023493126934,-0.3928201797413129,0.19917678098156377
8.1097e6,0.0,339.7893899865502,0.04040498476745859,688.9746638950689,15.852778297153906,3.0536010765242443,1.142504503880748,-0.7184433938556293,0.5452292205902144
8.1508e6,0.0,896.7653283127031,0.01752664874398613,1547.2928462846523,17.41011686809609,1.4892121681210784,2.4215448390323213,-0.2882682807734911,0.020104027155165904
8.1587e6,0.0,588.0532904493474,0.018104632709693945,1066.252833398143,48.976357824553546,2.10175417951378,2.55655324772946,-0.9754562246479915,0.39341124408530226
8.15881e6,3.677614091237353e-14,373.7770972665758,0.03307375411699452,628.0015429611645,11.364625822161424,0.22506189475161614,1.4541189012997615,-1.4943190169870462,0.33046531793792133
8.164e6,1.6889982018239596e-50,203.7119725182633,0.03197199616833672,418.442193453383,27.010517643267303,1.5995626079341974,2.1809666421147513,-0.548047664118497,0.7061010305702553
8.1643e6,0.0,194.26979622213028,0.06344660946059509,366.5148503398147,51.004787266562204,3.3504340957625662,2.5350606030887395,-2.6532603392606573,0.617327620879232
8.1646e6,0.0,118.46734229907153,0.0658277694266726,234.85193710095527,9.602198446957127,0.06249368539446223,2.754809271409968,-2.2758602026220434,0.6722714005533232
8.1653e6,0.0,893.6814828188269,0.004664631286880777,2185.5391150262412,10.917471291823913,1.8747981974268708,0.11680065995999911,-1.1226261492510892,-0.002299904645499895
8.1713e6,1.4942215476970814e-34,567.0345834485431,0.017238760187108928,1035.3906424968352,28.55946890918069,3.992823387890056,1.5551576128472804,-0.40529937085743495,0.26491036283150304
8.175e6,0.0,395.1941346283232,0.03954787566565858,574.2640229484854,54.42885309503405,0.09860582985654473,1.384815194166351,-1.8135472769719994,0.6791451327542655
8.1769e6,3.983312603742987e-44,293.41626895296446,0.09386632992082505,603.8468905194345,45.735789963600794,3.806709711759703,1.7413980302818484,-0.7945944067067613,0.23901831559368003
8.1895e6,2.5219036982812364,238.1941272394253,0.031044047173304987,524.5743052706775,11.052285566208242,0.04169530298772132,1.4250172658621163,-1.8514622758463075,0.21583208574245827
8.19e6,9.789028313905776e-34,406.2825886178046,0.01384723740245934,832.0076317883061,17.223312072832556,5.228263449110506,1.9551791331441806,-1.5483942882525286,0.07993537000355189
8.1905e6,1.8817762585422242e-13,771.5624350260226,0.011495819095802298,1535.538576072273,23.64896511448672,0.5874274763202315,2.478359620121575,-0.40222291445835817,0.006494254047565318
8.1942e6,0.0,99.1227371991475,0.05034159205758357,323.81426367845904,31.63960100541159,4.496687981066234,1.490248065446838,-0.3243072527802036,0.11520678965874498
8.195e6,7.700546517852204e-39,564.9915185997909,0.010222159374082863,961.4886984196824,14.67358259370028,0.43231953002514323,1.7350505533259146,-2.439280126186789,0.12649345464511597
8.196e6,3.6440565655195565e-20,538.8742794754609,0.010525681620304393,990.4610171038064,18.338185439057586,2.626510988057,0.8041513150166952,-1.5282922809501134,0.09063351900210204
8.1985e6,0.0,606.8465141656078,0.01734404677251159,947.1931961809835,12.483256861591848,0.2661247016092518,1.2278764953367194,-1.6790628899240534,0.2745419541840908
8.2e6,1.6159022853835804e-45,394.1126386415487,0.11775339729975141,716.9611400704534,58.14563598664668,3.6440573026085623,1.685599241864352,-0.9202690669826389,0.4378083843820795
8.2027e6,0.0,814.8390136193555,0.009370123879932747,2192.1488936321716,15.274686112049373,2.4814948933417043,1.6176791792117875,-0.7019266810183762,-0.006503869110331406
8.2675e6,0.0009450866180559448,1137.5727844993644,0.011152466062901354,1733.8731727901688,50.6500887633749,4.673563117010252,2.9771709512661846,-1.0301792446011722,0.5411325215354337
8.269e6,0.0,1222.9363542570338,0.017217318974479735,1880.309003299301,9.545419557742004,4.376520197856576,1.6224788840213922,-0.15809751545442938,0.4365809713968978
8.271e6,0.005067079648671983,386.0375651453272,0.01016310384866201,622.3609386706195,11.099669976318705,4.4755228595406145,2.227161854637387,-0.2047861096592774,0.4879008899825169
8.324e6,42.34870323543134,1072.667225512954,0.01542310629620003,1413.3394582344522,10.000219956606074,0.01183957697511166,2.165421223953731,-0.852434278814146,0.2297310851018428
8.3779e6,0.040126562003733726,1270.233316521861,0.012400846366773934,2224.9839547932033,12.075144135051529,2.4413053550344337,1.3184176321939753,-0.04280613963250173,0.313305468531933
8.3785e6,6.39853007134389e-6,1247.7021862134866,0.0128634560500678,2171.6875425338303,8.935264289837125,2.4428583000956565,1.230605599310937,-0.5799510301948907,0.15192493581495548
8.3805e6,0.0,1173.127873715411,0.01843801244690676,2650.2179143604017,3.652334224343886,1.4934902544638238,2.720911428827757,-1.8835937651708956,0.0262102363799831
9.0349e6,2.5966215344118324,499.9555321313621,0.013959985188146055,792.7986029654506,47.329377822099445,2.283208391912436,0.3894016969072958,-3.0747445718455535,0.7852582580406553
9.0358e6,1.347799708466069,1062.8177507249377,0.00646117411351966,2228.864654783705,19.440632001611487,2.6404085812440004,0.2111430263698949,-2.5198101146728114,0.6393326334728191
9.0359e6,1.5459634651635656,1103.8947735317504,0.00788032221487312,1732.3752369852002,17.845490482595334,2.174054476982721,0.33853078991339003,-3.93347981769374,0.739578229191388
9.0477e6,0.34608591049033555,1178.1412823415922,0.007610241931056166,1935.5278589330514,8.658266489437096,2.6438821243270216,0.5155320458237573,-3.747826322494996,0.5937013588723141
9.0655e6,0.7116541599855458,34.01644646452191,0.01571082414826545,221.4591802955067,23.859628009887345,2.0382404218954937,0.8022129009526613,-2.370586889444951,0.7947608435531267
9.066e6,0.15323645289176197,1133.6816831992442,0.015226354745975439,1436.7849397175437,22.48692871104371,2.270765904380955,1.1326414880880658,-3.4979226161122345,0.8425539223588139
9.0662e6,0.2697076463961609,506.25373684322255,0.02226599916675992,703.7490564145393,64.51328055982623,1.602572469626961,0.27067459017964673,-2.5008109878870717,0.7378688465179062
9.0663e6,0.07839541648101174,1093.3352252998957,0.008354527922043126,1707.5131647230394,14.011696474452405,1.601391848920764,0.4312904017405178,-3.5640309412903686,0.663602045729702
9.0816e6,0.11650218942314276,706.7027553818772,0.012090344548520555,1079.0537783615591,43.50600956684656,1.4273515421360594,0.42118997299416866,-2.057538266155366,0.6999343344568134
9.2105e6,0.004397395393948221,1009.9299927332708,0.007205974555536082,1569.1411966113517,6.145095610631357,3.2693105795594866,0.3708490091832293,-4.006759487627706,0.6274699816082991
9.223e6,4.931555060685906,1046.956517848648,0.007595593218649127,1536.8628259360019,14.868551003080524,4.629133758297461,1.0671959460473746,-1.0706641662646683,0.7577648463075094
9.306242e6,6.885681090924543e-8,1103.8396826397798,0.020816485659217426,1639.8697319473401,8.15955806182253,1.0965397541003308,1.8100434587814758,-2.897296879305019,0.352103047014106
9.3126e6,0.003417276423993093,1105.3309855391783,0.009137241818062728,1780.196790889173,9.60023525339683,7.378780349636015,0.017276035403983477,-3.552420539256679,0.4999540744368529
9.3529e6,4.700055577174942,914.3411348024413,0.006643620333419859,1313.645934724111,22.145355956864197,4.92137085455614,0.04023441581317965,-0.10243985976368668,0.5995457087584422
9.37863e6,9.260014409912799e-13,1205.7706976491577,0.023001708069340536,1458.4121149081993,15.858261208970667,1.2616434388172415,0.4413183617615245,-2.6689743801146997,0.48834333050485335
9.3869e6,3.0456080867684555e-22,870.4765302358297,0.03823687149084919,1069.5999247500768,37.86790018140974,4.056182010664492,0.5691341985932417,-1.5774917026590305,0.45294772035350905
9.40445e6,4.992588149452435e-13,1013.1670390251791,0.010174325264020588,1499.9909988688246,10.007979826452639,2.359580499967773,2.879605199299139,-2.1758810155360355,-0.3968306446185972
9.4305e6,0.0,1009.5686616593496,0.006676066136745515,2590.4953681684296,7.32670610781515,0.8865110742655505,0.6474225182954803,-2.769920430419911,-0.04124475101708924
9.4306e6,0.0,815.213231871656,0.04287957038084544,1001.2191255891237,32.60429455853832,1.0688777088100732,0.24356128327449222,-0.07661776776950008,0.2906223643387158
9.48e6,0.0,913.7937382018679,0.011582302417868316,1679.6319413270567,15.220326547901028,3.5466907935177865,0.6443568730438083,-1.8483067568799343,0.00471110025756738
9.4924e6,0.0,967.5858525017799,0.013297601349226263,1336.3445588599238,54.874633160521434,1.8168401937651966,3.186324878138914,-0.00324104471298763,0.48463892685994314
9.494e6,48.31709956926774,323.2339802303848,0.011722536305385754,1434.3395669724525,10.436056200777054,0.010948906807551841,1.2557538580646712,-0.047362732660311616,-0.06330369298932803
9.49798e6,0.0,931.8003785176734,0.00915235988877776,1805.8603485699205,11.261527509449888,3.5696069565373953,1.0989393912403087,-1.7886060975049936,-0.007180597596959881
9.50535e6,1.94062012778794e-21,486.9901287946776,0.11350074222062476,668.3450965380517,58.332909481824515,1.0486634968322912,2.4334082750931056,-0.01779018505945771,0.3799468256983841
9.5058e6,80.41370397394286,200.48540024068535,0.09127477954861411,1355.8400578556625,42.4236853290262,0.010068581354390017,0.5615760192670731,-0.005096883249091221,-0.33596011967402417
9.5083e6,5.640349000050745e-24,180.2156484238603,0.17264841699871292,296.0046933817104,61.923237477022056,0.08867685358842518,1.2251668643300835,-0.1469022844652719,0.37122298120154495
9.5102e6,0.0,223.94899419964122,0.04828327413694415,516.1261328205851,53.71685036519364,2.234210135653522,0.07938842351297432,-1.4528575158060022,0.31978067105891195
9.51228e6,0.0,637.3853428890204,0.008841116242130909,1484.9367597736673,25.65661957712019,3.773529811942835,0.28527031570684436,-2.8033659844532304,0.044538732411282256
9.51378e6,0.0,127.05579708573002,0.10666957234484309,315.0240783830383,69.14844892415327,1.4828088567064468,2.8619748386260433,-1.842443640813465,0.3045154684609489
1.01727e7,33.59306968329848,649.0957134489956,0.007600737766627862,1454.6326192340703,10.754868279235264,0.011525918490601627,2.0049680451114464,-1.7019500638270575,-0.470805614345319
1.01728e7,3.964416860972121,132.72078607444007,0.009330298573270413,681.4872844575656,115.9838391683434,1.2425946334966298,4.914124491206937,-0.045874531835912016,0.667187391127998
1.020503e7,26.41830591730082,576.6702629960757,0.013071310343895285,944.9940386959139,22.202753007770422,0.010941229482965793,1.3016163466383028,-2.9866946421591916,-0.17478996675330616
1.02345e7,0.02297209195114793,1141.5110517904693,0.00784219492254307,1861.0304308412449,7.6251676560815875,3.022648549541035,3.2497794861856053,-3.6698803789911283,0.5395001396820645
1.0242e7,0.0,261.183487295932,0.025072496702248006,512.5643206170216,173.04255566738934,1.1226185853454302,7.738363349972837,-0.10304980356397055,0.3812160797608505
1.024495e7,8.530277060449507,951.3313078903317,0.006095430195880482,1519.2792208950752,13.314339419848372,3.53626177562688,3.1172731306211663,-0.8365399592500415,0.6804947169894258
1.02493e7,0.00015369207501202573,56.63625616781677,0.02948725816413203,309.16127718799555,170.48863901937005,1.3576062011211951,7.7723629747748095,-0.047160083665019725,0.41464543158619316
1.02585e7,0.00016577957159781374,232.8218890952025,0.010851748313962057,908.6685371010609,11.724517126166408,0.7427141686782703,2.5874211815625787,-3.2989001060850116,0.13201572453129662
1.0259e7,1.356515771362011e-8,300.08147149087347,0.006373089009157938,1235.726459827335,40.57992007254225,2.8380733929299073,0.3334033083464159,-2.1174246627237365,0.3923738640826878
1.02592e7,0.0,106.87046395016264,0.014433830789369148,612.8971671875297,15.520466284944028,1.939681322736928,2.751880112872064,-1.1418282425473505,0.0925832462442735
1.02635e7,9.882813237700133e-9,192.29715765973617,0.0062058749046306014,949.7744565688113,31.546011520820116,4.876072203403797,0.35492939282668623,-1.773760830291527,0.47315969125208457
1.03165e7,7.097046127025588,137.9362553167807,0.013887262661353698,403.792473332647,48.36147870354867,2.4274885635460883,2.859523962163547,-0.5792903997635647,0.7508012882450503
1.03295e7,0.0003166123222127305,870.7000796694849,0.01071200229134995,1468.3978635040376,10.339094465194451,1.756433404380234,1.9013134253329196,-2.134499886301512,-0.32357467614993063
1.0336645e7,0.7344828175914873,1116.3778417813908,0.014430579950325064,1652.9655511333208,23.70026441996463,2.8058916948664168,1.405784167857764,-0.0053921260278226805,0.7202278090354246
1.033666e7,2.0949906159556106,1140.8702438413827,0.019738076240509238,1540.6191691551846,17.51254851174238,2.1549825121028983,0.8514282289240799,-0.0015810779498675943,0.7700050505082467
1.03435e7,0.019226963801510642,1099.2141613857552,0.008980831210910836,2145.034901631809,9.512541975560229,2.1573565005474875,1.221153602783998,-1.706814993592965,0.5664810884307516
1.0396e7,3.128506315912851e-5,624.6568117054118,0.006354918724714574,1170.5128315865534,12.530558337067616,1.4694619929731572,1.8508042596073822,-0.8154337075135528,0.5058478719732545
1.1098e7,1.7408688158498588e-11,615.6079478975464,0.013456951935557918,1199.0838740609356,11.269704329033276,6.223669899216848,0.47293996402654553,-1.430416363767553,0.5540091717444209
1.11245e7,0.00013593929091505635,576.283690341021,0.004840318864145414,2417.3607007975834,13.02639917447147,0.840723986479653,1.3427174572755824,-1.3798066221182435,0.14248310169290646
1.114128e7,0.0,786.6311404952969,0.006682423583804039,1406.6309095347701,11.896370347768316,4.666836289889934,2.3132594645819284,-1.055731030797609,0.3606295197977818
1.1143e7,53.85833758580833,307.52034241594544,0.021214384596613615,651.9111513004686,42.339764554528024,0.040817650422194214,0.2192876620036679,-1.7588700112192366,-0.7208078769476738
1.11489e7,9.18286399440838,357.05344834107467,0.15137638274119597,589.7461520982251,81.76899649967153,0.017088682899563588,1.1326937106233808,-0.8348921358313893,0.652372646690595
1.11513e7,0.0001528914765745309,589.5383155304096,0.00540714011731815,1975.658967564378,5.695800554765289,0.0789059712017494,1.455253530062176,-0.29691425067627236,0.014688507573631382
1.11625e7,0.0,1011.114784128565,0.031769320184459535,1839.4673202866038,40.8855193466978,1.2018808146896902,1.5672067835500956,-3.3483136225916215,0.5921279750250513
1.11764e7,35.2281022449085,184.27170991895693,0.06257284113740155,457.7453337695077,10.03888590253676,0.04605455653075736,2.241438760683226,-2.0361585782442786,-0.49313645647587045
1.11805e7,6.854159211268233e-31,126.02544700050301,0.04041887254041193,437.7589129897978,12.391210412214292,0.8233808988714345,1.3465134502452565,-0.05616160435528276,0.31109609474077793
1.118096e7,0.0,88.664069985532,0.2394329776969445,354.9146820284972,45.96907649175081,0.58400583065863,3.485688836762799,-0.7114148859512783,0.5669309977594685
1.12245e7,0.0,586.7583743440925,0.006820543753214531,1559.1705466503317,9.21645468977335,2.7735231188221836,0.35054524819399285,-1.0701552919735322,0.07132104176655563
1.12305e7,3.0958340852848147,24.47608673870431,0.018654220587853862,193.6074021224098,26.915123086279387,1.9816237220373454,0.03249361781423377,-2.9890596104376645,0.47153418422971294
1.12375e7,2.5214125797576177,1035.2391633798009,0.008054820471210221,1431.2813646457282,8.35973327195636,3.2016526396292977,0.8743746479528693,-0.41369081670804553,0.6347902669691725
1.125331e7,4.630245375693497e-5,483.5386861909825,0.0073865695684623865,1355.6181809410534,9.176152336139975,4.458626519449294,2.1435284456130814,-1.306462315168501,0.0915452216739141
1.12645e7,2.661707370041655,455.5231189233083,0.012656485646909982,824.6692528768585,57.106628532915984,2.3214288439236235,0.1246706584378742,-2.346427334528785,0.6502420612095707
1.12665e7,2.1093556462250236,859.3798664365295,0.012598945864358767,1261.5705319271099,47.18542481732699,2.416127031980678,0.049229366243100085,-1.2676593165317953,0.7022884732402797
1.12745e7,0.0,70.36330879118411,0.0693617586872729,343.46420722975154,18.125430329310177,2.6631706391868444,2.1743121386366027,-0.9539281817853482,0.2808238524846983
1.127463e7,1.2113294606467864e-14,262.8131607499737,0.02188626577276293,740.3569571131854,11.65521658527919,3.7773455480436047,2.4809361593812604,-1.7770058058054077,0.19865180162408091
1.12844e7,0.0,892.1927943063959,0.013272628257787201,2631.6456902110367,13.655869124984688,2.9240137111095073,2.0716867418219334,-0.38918518061129537,0.11569815680144857
1.13815e7,22.147661223808953,843.5823998314621,0.006386717418989923,1304.3477544436191,10.291584093976347,0.049773923079587425,0.4824480970495404,-0.03623712138845729,-0.42504709309235644
1.13835e7,13.969999055225927,402.0030491777052,0.007383409844856697,1455.92599601769,11.848717334788455,0.01342946078555041,2.4979761296704828,-0.03284815890188737,-0.4327963044242402
1.14511e7,3.283508082838477e-5,342.14980041195014,0.06856255153537535,529.4798765233896,77.22626869583323,0.41317641771693153,1.8977632504669315,-0.7015143794731014,0.7274363741778871
1.14685e7,0.0,610.9775790134164,0.043540240180460495,920.9272361185539,81.81635298555271,1.1062341830014555,0.6699281189201022,-1.4093248882380174,0.774219522275356
1.14739e7,82.691307618418,501.2391521024872,0.015333809075989862,887.8584868470948,10.351978013048653,0.01147436017126851,0.7543513920578228,-0.001628306195545233,-0.5987015974083711
1.147556e7,0.0,1066.989065043769,0.013492990524740525,1494.9561360550374,15.195601802004033,2.3592197888887343,1.499776017326651,-2.3678012146370246,0.7506128388849184
1.14766e7,0.0,864.2598447089418,0.025632806968857884,1160.938101498111,19.65738237562217,3.470580161182972,0.18467390029494105,-1.8317123945090685,0.7566046307000573
1.14785e7,2.4640357993752143e-5,494.43008045206545,0.05572412878080723,730.0441786606867,110.53701591309621,0.5519520802381467,3.709312204826922,-0.054840126945029086,0.7091218686501848
1.148039e7,62.9300904875765,1040.5503865390256,0.037516240939384084,1412.2799260506513,40.28371201313309,0.017914938947613264,2.2618378497218803,-1.4399739476511206,-0.5775720325582687
1.14812e7,2.2194920098141302e-30,297.0700640719307,0.06077337397609416,571.442813925682,100.37054734433265,2.180451071720527,2.3843155971404615,-0.27529796795016076,0.7061386935121465
1.14825e7,0.0,695.8529916152822,0.021165240411907933,940.8902413002497,16.8296732369689,4.881044387455963,2.367660112445518,-0.010694130693721412,0.7858669639999196
1.15225e7,3.544943162164675e-6,262.67146984435084,0.007994200510752761,669.6345478374518,10.132288560541788,2.9922080594129365,4.370660643016856,-0.024047872460919065,0.6242197844137543
1.15232e7,0.1471596617152997,37.12019866151181,0.020753899769027414,181.18058962072013,11.659735514193777,2.131759381594147,3.764229001090498,0.08331762599797682,0.5388386083622261
1.15287e7,99.02413572595042,76.66638212639964,0.010511692676131149,1478.5252463638337,23.78756349260146,0.01135130295947701,2.0992905345458643,-0.00467288156082679,-0.4196633384437404
1.15325e7,0.0,258.0942238802801,0.062001266815627835,421.1719321967392,117.38320530276287,3.345967041609906,2.5191768667548917,-0.1352848918801373,0.8120317661322876
1.201e7,0.0,301.08061711816896,0.050782617261753475,457.79642403292297,95.85501026486777,7.818210573987957,0.6554820200396941,-0.4418838985550668,0.8186587854484508
1.20135e7,2.142025940175037e-38,1040.454214715104,0.02142337472848877,1194.331323313722,11.963123882602666,4.215817402554589,3.64763368001424,-2.6013016189842366,0.8546524850867787
1.202e7,3.446475141785174e-33,713.7858119009093,0.0226668902482748,817.6093565229265,11.737065899058075,2.103600550561592,4.216214909941642,-0.335923982358102,0.7439699793085754
1.20257e7,6.651330060907193e-39,383.4576506029204,0.048232325688389435,490.9037874619533,104.28288611450604,2.9442324117711394,2.025607393071091,-0.7557390315010547,0.7982138827091311
1.2035e7,0.0,262.9428457927074,0.02241052851353223,367.5090310806561,13.869919030138622,5.717181934265899,1.9577029970304827,0.01811185831013233,0.8800463083490939
1.20405e7,0.0,45.55495993143012,0.06030963011494073,101.36690796147727,106.58183998142283,0.9507904422753041,2.5312243211763628,-0.8800540913254128,0.7669722209746838
1.20412e7,79.60639887185133,59.95281365974431,0.03638307765218606,102.17114852806529,49.93738193910982,0.05753860006379319,1.8705100084149178,-2.983153003168563,-0.6378428934801239
1.2048e7,0.9612940122067677,86.83104542848098,0.0020770397406599333,1475.988260516159,10.034962747169805,0.010095558455435564,1.7369779815255177,-0.023415579644613656,0.18129501679026383
1.2054e7,0.2986107721141094,53.6729762937299,0.02776730724534798,110.21851008718444,15.67679845724317,0.9794794234296247,0.7782104809843265,-0.6808367652304552,0.3497529478100432
1.20565e7,0.0004146337399424483,33.28530002680826,0.04166348037447048,120.78014151852757,96.23108213472993,1.209202735507542,1.9504241647786662,-2.875817550748003,0.5227665682923919
1.20735e7,0.0,1125.1939087081005,0.009281921752145837,1804.6524389771741,7.355501357449686,0.15501180454839983,0.17614323324463446,-1.2388882978262046,0.14131037399886082
1.20825e7,4.516800372113153e-12,814.969986849521,0.012846970796007336,1002.3440774294909,16.879194455597368,0.7787845136773875,1.2947811594233396,-0.7129470165962426,0.4719934005897417
1.2092e7,53.382835995179164,50.21793637227371,0.011424029969008064,135.9510507757822,14.064333652323407,0.3166780120824497,2.593718793422857,-0.15990021843245258,-0.21520906544048657
1.21145e7,0.0,978.9576928925817,0.022137607988486553,1126.6286705089242,28.958551182259082,1.8404329623037732,1.2053575338198048,-0.6660279828323978,0.7543719976720472
1.2115e7,0.0,1334.4649449157098,0.021729949575492784,1448.1374238116866,21.332063748456193,1.582236700220769,1.5986138614866212,-0.46575356872451157,0.766090927567148
1.21155e7,0.0,602.8136541063184,0.05724331570864585,721.2754734168406,113.68280148762095,1.6901891687150632,1.7715786917192935,-0.053135126085281884,0.7461403918334256
1.2117e7,1.2089291174648515e-39,1170.6421502989465,0.009353354933212961,1352.159054813443,16.570896069380503,3.6928199230017618,0.21817047350662494,-1.5320076869317354,0.7060279293897272
1.21455e7,5.42900523351099e-45,645.806798564415,0.02680714658968207,710.0895893807765,8.954168315931156,5.062237750512275,0.5417703356319943,-0.5399146384980671,0.7982318066749002
1.21475e7,1.3633556463669897e-23,51.17331578648478,0.07586842975994154,68.5127131342241,119.94238574996751,1.4247858729881842,2.117739574320532,-1.3995863868991212,0.5835217136491566
1.21476e7,1.0422394257246116e-16,63.8626169888748,0.18154473992571304,72.57547747965627,99.10508120823269,1.2623398752162573,1.0550507776629894,-0.16947410073831803,0.5587946566877845
1.2167e7,0.0,56.78923166491377,0.08664884286618138,72.87990996110973,80.30643311214752,0.7173487847518589,2.4008253669189035,-0.5618109255906362,0.6840837202929131
1.21755e7,23.073058351915172,38.32212291648754,0.02755852457931561,126.56741128125316,40.13024180132169,1.0933221319959028,1.364771133259537,-0.7109768607457027,-0.480385736913712
1.21781e7,0.000483752970542662,20.36142192633259,0.03967351536367172,99.88210878781001,56.690762719509586,1.4572342171551964,1.2355086321567863,-0.6800195378856271,0.45845193494607717
1.2186e7,0.0004481573532315441,24.533830105151942,0.04090615785131755,110.84602691445248,103.09439413416858,1.6980382339636029,2.8898062207928756,-0.93310544523862,0.5911306066096522
1.21895e7,9.557605130174992e-5,44.75597354305732,0.01619437282441692,143.84196129962905,11.154381071004217,1.4596309979015887,2.677716241356627,-1.1619652878243187,0.5324795629792464
1.23585e7,1.923508879252881,1004.843525595863,0.01259710502351865,1389.947332170241,51.213843611350654,1.9123580423665048,1.5104087801050499,-2.311353411252357,0.7128357890521893
1.23907e7,93.17482645416177,916.0413085098596,0.00797768956734439,1396.8281412748697,11.41973262759021,0.012460096959820527,2.010978978833443,-1.1427565869074874,-0.19592370545391113
1.2411e7,0.0,1185.0723067155386,0.014072267493130283,1505.9041428104506,14.665101664566222,1.9109060068514034,0.15683963319118685,-1.4506371125770747,0.6246653737700556
1.24145e7,0.0,1056.6324056724247,0.007966976846892676,1659.4522816940607,20.37836546398355,2.405230150602405,1.8737348936886844,-1.83977626069692,0.6314073812856797
1.244739e7,0.004335518375214306,1035.0077907245673,0.008722382432604262,1613.6547180251162,36.45346141037457,2.7782007353783524,0.015062186039313622,-3.6638651662645807,0.45383116021957637
1.2451e7,0.002088568502845921,72.06030438026416,0.0024112817568911027,1098.0538025024607,38.826502632562466,5.1105111077294065,0.03949423014343126,-0.4239715467384724,0.5778641351001824
1.24885e7,0.0035991433247345044,831.0045828740773,0.003291667246783668,2698.1480491945813,23.91042211145289,5.01841015967629,2.1492271146874447,-2.141500237824981,0.4142536357322075
1.30115e7,0.005395753660752964,977.127169078045,0.013984988040466748,1356.6390776878707,20.02218783621957,1.911826718730051,0.027112100809787452,-3.052793127637096,0.7333634315946598
1.30119e7,2.364163060161614,983.5558120900153,0.005859050162005709,1529.0754421264069,25.351810259160906,3.7818352056329543,0.8158288179655061,-2.948649392451472,0.7135182683546379
1.30183e7,0.3993334413384316,1025.5626663146984,0.005410178123449641,1809.7841354388852,15.444804282105316,4.855137752824223,3.2767501998579687,-3.2544169464966823,0.7045594729106861
1.3023e7,3.1822475237572667,913.6114355109873,0.004534855049830163,1544.0780637531,13.499170173984677,3.874361218721211,0.2567214070000729,-0.427441789333751,0.7640703758045628
1.3083e7,47.36067964595141,683.1576556604927,0.006959250456109093,1371.124739329075,14.656304643251765,0.01142074608874732,2.485377875752997,-1.7633063200502481,-0.3209770198552543
1.31615e7,0.0004318720963306385,939.2094184971551,0.009626144860948293,1490.2223268947332,8.996486119675852,4.561989306763698,1.1638461113275878,-2.0228912916783033,0.7053693483677179
1.3235e7,1.7831685804981408,818.4381051656865,0.0038213935966466286,1690.472931723587,20.095019318758915,4.481101139457408,0.18409798465763474,-0.041583312028891616,0.751941127611118
1.324e7,0.5635285644576626,793.9230410295061,0.01366888498597193,1140.1049538633163,50.73771899712784,2.8373958973756968,0.11875994563892459,-2.1547478803267595,0.783955598014993
1.3313e7,0.013243902673811241,815.9866818566677,0.0030369643457950407,1478.6874185575202,16.590834255668206,4.9978820546582465,0.006035929605867477,-2.9913226280082577,-0.2664024222514999
1.33315e7,0.07902032492444369,972.3922799347549,0.0060072853592637795,1570.8886608043063,22.66615930315987,3.6137630562069125,2.6706478480596254,-1.3787315681003696,0.6582993554147286
1.3337e7,0.0024545778876763373,1084.7049087440287,0.007525098952124822,1648.0252872512644,24.581788975844493,2.686530007278722,1.6036985239416894,-1.6895256826987168,0.7357268518861031
1.33385e7,1.1021510000617196e-5,1182.2673138453995,0.010004702668203387,1653.317249446734,7.107533278016188,1.4898992965030495,3.1438984044183678,-2.363249090222172,0.5800982887597118
1.334e7,8.102989876130352e-6,1153.3983372135187,0.009808698403248842,1550.7019211573574,13.303731899751186,1.7299636359905595,3.101637581838991,-2.025364881777209,0.7176787542231438
1.33406e7,4.692840469657021e-6,1052.9002000674354,0.007051092113247612,1654.5372362959624,23.9572009494859,2.666141754728082,1.9648484181275563,-1.8656490799059422,0.7470646919975075
1.402e7,0.0,589.4737695008007,0.03850951699938651,809.6356795010718,10.198502772427924,1.0965493204410306,2.506957291404858,-2.2551401341202246,0.5789475987768992
1.4137e7,0.0,1280.207112483222,0.018282478819059974,1622.4716870289737,14.856694924344877,0.5692460991154122,2.0334611030743335,-1.0274665786620116,0.703909460613825
1.41388e7,8.001560632357281e-22,587.4037840906914,0.0574351107888379,749.1282621050628,143.2596282537999,1.4658204734969875,-0.012862427059279364,-1.0712645603099,0.7816801870516891
1.413887e7,88.92692082711139,129.99816514012903,0.033326694511161374,346.1363932167001,14.650961741944775,0.021601448565410748,2.8239125014064648,-0.42717387405874796,-0.698883400326253
1.41389e7,1.1395224241085102e-31,343.58982860105726,0.0431244335255757,449.94622618293556,137.56695256419403,0.9419018252230391,0.3835421810579267,-1.398435406609034,0.726389877530128
1.41398e7,0.0,158.58336894105082,0.03865229361061319,363.0952311701684,139.456172500478,1.273714201516417,-0.04329772960078391,-1.1709019095747246,0.7872192587604135
1.41415e7,1.5052143947875597e-28,164.8886058708428,0.028646128389058466,278.93062851137137,16.660788370128078,0.7402745442053691,2.8686324333084285,-0.3739163744283388,0.7329062519129455
1.41545e7,3.797178474734484e-24,1265.3624638914046,0.034842156889622146,1667.0341765477024,12.7028035852369,2.0714456022278114,0.03591690281053568,-0.347763690446242,0.6541044166386951
1.41585e7,1.2390322814514254e-13,778.4870421772191,0.0021867835613108223,1811.7300455405452,13.097105691025831,2.680952186077768,1.4168531466179766,-0.9965879172114087,0.6543368019848061
1.415879e7,1.4837478412006591e-9,1018.7250625782851,0.031243991862967613,1211.4187667826884,18.078254186951156,2.037239301546145,0.17870073159735775,-0.43800898328998444,0.7864850792169946
1.41665e7,1.2989672232988751e-28,1127.6709873162995,0.013845798388086665,1556.570527627491,14.978098231426738,5.278164824536083,1.8264320416812734,-1.6342994166863305,0.7281244421420776
1.41825e7,8.619341514080132e-43,130.32038337445778,0.05740500261300566,261.3089997985081,140.68040846535396,2.366083502345518,0.04236132190364595,-0.009272352822318957,0.7519012679393592
1.4185e7,0.0,1117.215481905685,0.03988911178034248,1370.5480606652534,87.73573068148714,1.1949014719352384,2.220975721499901,-0.6709666717928388,0.8108761792374162
1.41859e7,4.454935839876969e-17,694.6435252810597,0.05516045267751663,757.6672091659644,85.81012327805917,1.5192617833393909,0.17209258166961822,-0.041967900978627175,0.8138089433893452
1.42225e7,0.0,736.625325549983,0.01698263068163048,1023.3225695370639,15.90002385372631,5.494866405267801,0.37205513646050903,-1.206079838403445,0.7823699262389351
1.42362e7,7.579300078260798e-36,188.78437655841486,0.0447815143880608,258.6917082884999,109.86875282367443,3.2521574607773616,1.6219892521606885,-0.06402950923569131,0.7811542287350175
1.4301e7,0.0,1204.7911740902487,0.021852420905757192,1655.6698824848297,34.938095559794064,5.4924841005982,2.4052112298831982,-2.268656135970753,0.8786040667268804
1.43055e7,0.0,379.24519085806526,0.04439738478064593,637.969162538596,105.34919183082768,1.1315168505251674,3.654807084556811,-0.022558738912690456,0.8371693644719026
1.43065e7,0.0,1084.8147292360686,0.01819385483461026,1414.243165144877,18.36439108065663,2.1116024589092017,1.777977120229595,-1.9175731675937118,0.8538028630996548
1.43095e7,3.84851020785588e-12,1129.1101262830214,0.03131545579090186,1386.4391870398251,11.365594205402301,4.309385772421689,1.796967027907312,-0.12000045780046946,0.6238399545933913
1.43167e7,7.641080345769884e-19,967.4090131500907,0.05702028233256573,1192.5915041409323,73.61233296343256,2.4643767276729696,0.4650020972590782,-0.09516615321911541,0.7596769430303438
1.4325e7,0.0,419.9149861997985,0.026762980648180484,647.0677948457369,12.923355152254675,5.1302121658544015,2.0686759342370054,-0.029051981322149412,0.7504425576541078
1.44e7,0.0,73.31580863532105,0.062442608142207874,175.8399506205462,49.93564667041602,0.481063821585858,0.5964422503956504,-0.029619927488401584,-0.6931009799971581
